N,P,K,temperature,humidity,ph,rainfall,label,yield
98.69,30.77,38.19,20.27,92.08,6.37,152.47,rice,3.51
106.94,51.18,41.47,24.27,80.37,6.29,160.72,rice,3.65
103.32,42.42,46.17,26.91,94.24,5.86,182.24,rice,5.49
96.23,52.29,35.19,25.29,86.78,5.98,160.22,rice,4.35
101.5,53.38,47.04,25.56,82.91,6.42,183.87,rice,4.69
89.54,32.04,49.76,24.71,83.37,6.4,229.87,rice,4.46
88.11,52.0,37.05,23.47,89.26,5.9,212.21,rice,3.68
115.31,54.38,42.62,23.54,88.92,5.98,153.3,rice,4.45
93.97,58.09,47.69,23.99,90.86,5.63,153.87,rice,3.42
116.45,47.38,40.24,21.44,83.12,5.56,196.44,rice,5.29
89.94,56.4,43.55,24.96,87.12,5.63,185.35,rice,4.63
99.61,45.35,40.55,26.68,93.55,5.85,175.36,rice,3.22
89.79,39.97,37.92,24.44,84.45,5.82,192.25,rice,5.48
92.23,35.01,36.29,25.06,81.19,6.39,239.74,rice,4.77
82.01,38.07,48.31,24.14,84.3,6.17,238.76,rice,3.91
114.14,59.98,35.49,22.31,81.29,6.21,224.35,rice,5.03
91.38,55.62,37.54,25.17,90.65,6.2,245.34,rice,4.4
113.51,35.38,40.1,22.33,92.59,6.24,194.29,rice,3.99
105.0,57.15,43.39,23.84,88.73,6.04,222.36,rice,3.84
108.75,40.89,45.82,20.37,89.25,6.15,187.71,rice,5.0
114.92,32.85,47.89,25.25,86.34,5.71,215.53,rice,3.53
104.48,44.64,36.45,20.94,84.96,6.43,210.23,rice,5.47
113.18,40.63,46.0,25.85,92.35,5.77,242.75,rice,5.23
88.5,41.25,36.16,20.76,93.71,6.19,209.94,rice,3.24
111.15,57.01,47.6,25.67,87.01,6.0,229.68,rice,5.07
87.83,59.92,50.0,26.14,93.74,5.6,157.44,rice,4.74
105.84,39.14,42.3,26.61,81.85,6.21,198.51,rice,3.14
95.15,42.73,48.03,22.88,91.53,6.43,232.07,rice,3.52
117.36,41.99,40.71,21.61,80.07,5.88,162.57,rice,4.84
110.75,37.82,49.87,21.36,89.73,5.98,152.17,rice,5.45
82.63,59.11,35.97,25.06,94.48,6.03,215.08,rice,5.4
86.23,36.56,36.57,24.52,82.11,6.17,219.91,rice,3.56
105.28,37.76,41.22,21.47,84.0,5.76,152.36,rice,3.38
81.58,32.95,46.74,25.6,86.52,5.9,240.29,rice,3.51
99.8,48.66,42.18,23.04,82.97,5.8,169.49,rice,3.64
114.63,59.81,45.18,23.03,88.02,6.41,203.09,rice,4.03
85.92,50.37,44.87,20.04,84.71,5.94,184.4,rice,4.66
96.52,47.64,46.05,22.78,81.92,5.9,167.04,rice,4.57
109.45,51.89,45.92,21.82,82.38,5.84,177.32,rice,3.53
103.65,59.41,43.87,24.72,82.02,6.32,173.36,rice,4.35
118.96,38.94,43.13,26.96,88.04,6.47,222.49,rice,5.28
105.51,49.32,38.98,24.38,82.75,6.33,153.83,rice,3.76
98.26,43.22,39.82,20.77,92.51,5.77,244.8,rice,4.35
88.7,44.04,36.16,22.87,94.06,6.41,180.0,rice,4.42
82.99,52.96,37.89,22.66,82.27,6.01,156.23,rice,4.07
117.62,31.68,38.34,26.37,91.76,6.32,213.14,rice,5.24
113.55,54.49,47.18,21.16,83.27,6.28,201.95,rice,5.27
83.25,58.32,43.86,25.52,82.36,5.87,180.29,rice,3.19
102.2,36.85,43.95,26.78,90.87,6.25,210.88,rice,4.7
119.98,32.48,44.36,23.21,89.94,5.57,187.74,rice,3.51
85.75,41.61,46.84,20.38,90.45,5.74,204.72,rice,3.37
119.42,44.85,39.52,26.47,89.74,5.66,223.29,rice,3.95
101.7,52.07,48.99,21.7,82.13,5.68,245.55,rice,3.87
92.47,51.57,47.35,24.83,84.41,6.43,241.77,rice,4.81
82.49,32.1,44.45,26.54,89.52,5.52,168.82,rice,5.21
118.61,51.98,43.68,24.27,94.45,6.46,191.16,rice,5.26
98.58,55.97,43.76,26.36,87.6,6.48,156.9,rice,3.88
103.37,52.69,43.4,22.29,85.48,6.48,153.33,rice,3.96
94.34,43.54,48.61,26.49,93.88,6.13,150.2,rice,3.79
117.12,46.3,39.98,20.04,87.15,6.24,212.78,rice,4.84
107.91,58.23,37.4,26.77,89.85,5.85,186.69,rice,5.49
113.12,47.33,35.87,23.03,86.58,5.64,197.73,rice,3.87
98.11,37.94,37.4,23.54,86.57,6.02,228.0,rice,4.68
109.33,33.01,43.46,21.02,88.79,5.88,241.26,rice,3.73
115.38,34.8,48.77,25.95,91.37,6.32,177.02,rice,5.49
118.46,49.81,37.28,21.25,94.37,6.3,235.7,rice,3.12
117.88,31.7,45.98,21.13,84.97,6.07,225.11,rice,3.48
107.67,40.25,41.89,23.44,94.15,5.97,196.65,rice,3.95
117.34,53.25,44.11,25.86,88.76,6.12,167.56,rice,4.74
86.31,35.04,45.73,20.59,83.17,5.88,192.29,rice,3.47
100.54,33.36,47.7,25.84,83.55,5.57,156.32,rice,4.67
101.4,43.78,45.31,20.67,83.96,6.03,197.57,rice,3.92
94.62,53.64,47.14,24.66,88.61,5.99,246.22,rice,3.85
110.95,42.4,47.62,23.04,85.41,5.81,151.71,rice,4.57
95.47,58.84,46.93,24.23,81.17,6.13,213.51,rice,4.71
93.48,50.61,46.0,26.12,88.45,6.08,247.11,rice,5.32
91.9,33.52,46.25,23.01,89.1,6.37,245.63,rice,5.36
100.0,41.24,45.68,26.55,90.47,5.88,182.22,rice,4.26
99.14,55.1,40.31,20.05,83.09,6.27,154.63,rice,3.28
99.72,52.93,45.36,25.44,84.94,5.56,177.01,rice,3.02
81.34,51.28,44.82,26.74,81.36,6.07,194.28,rice,4.06
94.72,31.52,43.46,21.2,83.84,6.16,214.84,rice,3.35
101.85,43.3,40.92,22.36,92.16,6.03,192.93,rice,4.02
108.73,55.37,43.69,24.39,81.14,5.92,234.35,rice,4.66
119.8,32.14,48.39,25.04,81.48,5.77,163.55,rice,4.4
117.66,36.47,44.55,25.0,94.47,6.31,224.28,rice,3.14
106.56,59.51,49.6,23.98,84.65,6.12,187.67,rice,5.4
117.83,46.96,37.4,21.87,90.33,6.38,172.06,rice,4.43
84.52,44.07,40.81,21.51,80.64,5.6,210.02,rice,4.48
92.19,53.33,40.07,24.65,89.89,6.39,161.34,rice,5.19
85.19,45.37,44.75,21.9,90.26,5.82,156.67,rice,3.64
114.53,51.43,36.39,20.5,84.29,6.1,246.5,rice,4.07
108.38,46.14,41.57,24.83,91.54,6.48,223.34,rice,4.15
114.05,46.56,47.66,20.06,94.26,5.99,207.57,rice,4.97
87.92,53.59,41.77,22.89,85.4,5.91,164.0,rice,5.09
102.38,41.05,46.28,24.5,91.56,6.44,224.13,rice,3.08
110.02,58.73,36.11,23.2,94.23,6.31,196.39,rice,5.32
109.24,52.42,42.36,21.36,94.33,5.61,216.52,rice,4.01
107.51,33.36,36.19,21.5,87.17,6.42,157.9,rice,3.53
92.93,49.02,46.65,22.29,85.88,6.23,169.61,rice,4.07
97.82,47.91,42.79,18.92,56.43,6.96,71.48,wheat,4.13
121.57,40.55,45.75,20.99,67.52,6.5,49.73,wheat,3.9
92.88,55.6,43.23,16.5,62.92,6.34,43.94,wheat,3.85
122.69,41.69,49.44,19.48,60.21,6.66,50.84,wheat,3.67
121.65,52.39,48.93,24.97,64.45,6.82,67.64,wheat,3.37
108.58,40.68,50.86,18.65,68.11,6.95,58.1,wheat,3.02
112.29,49.75,50.74,18.86,54.08,6.96,67.17,wheat,3.92
126.56,59.75,43.32,19.83,57.52,6.19,73.15,wheat,3.44
118.53,45.6,54.22,16.86,58.13,6.11,54.47,wheat,3.29
121.46,59.76,44.09,24.93,62.88,6.76,74.95,wheat,3.02
100.87,44.97,46.97,22.46,53.22,6.4,62.08,wheat,3.44
114.58,44.24,47.9,16.27,59.01,6.17,57.67,wheat,4.55
127.36,54.16,54.24,17.56,53.41,6.03,61.37,wheat,4.14
124.11,46.07,47.95,16.57,50.86,6.48,51.39,wheat,3.23
112.18,53.62,47.98,18.29,60.56,6.4,48.74,wheat,3.01
127.53,40.32,50.76,16.03,69.92,6.43,70.61,wheat,3.26
91.48,54.78,47.44,21.71,54.91,6.51,61.48,wheat,4.72
112.22,45.57,54.11,17.91,59.01,6.37,49.86,wheat,4.71
116.4,42.97,46.65,18.67,59.15,6.05,50.01,wheat,2.81
129.63,52.52,49.62,23.42,53.56,6.4,55.87,wheat,2.79
90.75,52.56,44.12,20.26,51.52,6.32,47.01,wheat,3.05
98.48,45.84,45.42,20.47,61.38,6.91,43.25,wheat,2.51
123.61,47.86,45.79,22.95,53.72,6.33,59.34,wheat,2.52
128.74,59.44,48.36,23.52,55.85,6.55,50.06,wheat,2.93
98.2,59.54,54.27,22.87,52.05,6.29,67.88,wheat,4.77
111.39,41.29,42.89,17.72,51.39,6.52,55.34,wheat,4.18
94.28,59.53,46.48,24.21,56.11,6.79,41.26,wheat,4.79
128.22,59.15,45.75,19.98,69.47,6.2,40.2,wheat,4.84
120.66,48.56,47.2,23.86,55.48,6.69,53.62,wheat,4.16
110.11,47.09,46.35,23.5,51.87,6.7,67.56,wheat,3.64
112.39,49.21,42.33,22.25,56.67,6.35,72.81,wheat,4.16
98.12,46.59,42.8,18.96,55.88,6.47,48.52,wheat,4.78
112.28,50.08,45.7,17.69,52.99,6.43,59.27,wheat,3.23
90.09,52.0,53.33,15.21,61.07,6.24,45.69,wheat,4.12
109.43,49.18,48.47,19.37,53.88,6.16,48.82,wheat,3.74
103.58,54.13,47.55,24.46,65.36,6.43,68.53,wheat,3.97
95.12,56.02,54.93,22.19,65.36,6.73,40.08,wheat,4.34
119.33,50.81,51.03,23.08,55.87,6.59,40.55,wheat,4.95
97.06,50.55,49.21,19.21,57.55,6.98,70.0,wheat,3.17
113.28,55.41,54.19,21.27,53.38,6.78,66.19,wheat,3.17
96.25,50.56,46.7,20.74,54.24,6.9,42.41,wheat,3.82
121.47,45.28,49.32,23.52,58.49,6.61,62.89,wheat,3.07
90.7,44.79,45.5,20.04,55.2,6.72,60.61,wheat,2.7
94.32,45.24,44.47,18.3,66.18,6.82,73.07,wheat,3.19
123.73,48.25,52.77,24.69,55.17,6.02,50.65,wheat,3.53
119.92,53.19,53.24,20.91,50.85,6.57,69.69,wheat,4.72
101.13,52.83,41.67,17.04,62.82,6.9,70.02,wheat,3.18
93.96,41.31,49.46,19.91,59.13,6.8,57.58,wheat,4.43
122.08,57.32,51.76,19.49,52.13,6.25,44.16,wheat,4.89
129.73,41.51,53.68,17.66,50.24,6.57,53.54,wheat,2.65
122.93,59.29,41.9,19.05,68.79,6.95,67.64,wheat,4.99
93.97,42.62,43.87,15.04,62.87,6.88,71.94,wheat,4.15
119.77,52.92,40.87,23.37,69.27,6.74,56.62,wheat,3.85
109.41,50.5,43.82,22.57,64.21,6.43,54.21,wheat,2.75
128.8,53.56,52.2,17.43,64.11,6.69,48.04,wheat,3.48
129.15,57.17,44.91,21.34,56.17,6.27,49.39,wheat,3.34
121.38,58.57,43.03,21.08,62.88,6.19,40.65,wheat,4.42
90.18,53.77,42.69,18.77,55.94,6.13,47.29,wheat,2.5
116.55,54.44,51.74,19.27,69.15,6.85,74.27,wheat,2.54
124.33,44.41,40.43,24.95,68.1,6.84,69.98,wheat,4.3
110.93,52.88,45.79,23.24,61.69,6.42,72.7,wheat,4.85
97.54,54.16,41.82,22.11,54.12,6.34,52.53,wheat,3.9
111.62,46.87,44.0,17.75,54.58,6.0,69.25,wheat,4.52
125.35,41.99,52.99,15.25,61.3,6.3,66.53,wheat,3.47
93.01,42.74,48.57,20.93,62.35,6.3,57.14,wheat,4.5
115.19,51.36,44.08,23.93,63.94,6.57,54.65,wheat,2.83
123.8,47.58,48.12,22.88,64.11,6.61,44.35,wheat,3.74
102.91,56.85,43.97,20.32,63.12,6.46,42.18,wheat,2.72
127.5,41.85,46.93,18.14,58.97,6.6,44.77,wheat,2.6
104.76,46.78,41.57,15.33,55.09,6.19,70.55,wheat,3.39
90.15,45.19,54.94,21.46,50.23,6.0,45.94,wheat,3.94
96.54,47.45,48.12,16.59,69.6,6.67,47.86,wheat,2.71
111.74,56.18,47.24,23.85,66.97,6.16,60.3,wheat,4.02
98.41,55.64,50.26,23.0,67.18,6.71,53.91,wheat,3.93
124.87,52.05,50.99,19.53,52.8,6.01,47.84,wheat,4.2
93.28,51.22,44.72,23.04,60.2,6.49,71.07,wheat,4.12
102.27,53.35,52.1,16.82,69.8,6.8,51.96,wheat,3.57
91.03,48.23,46.94,23.84,57.08,6.95,61.7,wheat,3.94
91.0,48.98,46.52,23.12,63.0,6.25,63.01,wheat,3.94
103.73,55.01,48.89,16.91,52.8,6.26,69.66,wheat,4.87
123.02,49.69,48.52,19.8,60.73,6.68,62.07,wheat,3.77
125.92,52.43,52.92,22.91,58.18,6.08,73.59,wheat,3.75
129.46,56.22,53.26,21.75,59.81,6.79,69.04,wheat,4.9
116.99,44.58,49.6,24.79,59.6,6.86,66.96,wheat,4.52
125.85,53.02,48.55,21.08,68.77,6.39,61.8,wheat,3.3
127.6,52.78,49.83,20.36,68.78,6.05,74.62,wheat,4.12
98.05,48.68,53.05,17.62,68.7,6.06,55.1,wheat,4.74
99.78,48.84,48.97,15.82,67.02,6.16,57.97,wheat,3.97
120.04,51.42,44.58,15.66,62.82,6.26,42.55,wheat,2.9
106.61,50.03,44.36,21.25,59.72,6.38,46.1,wheat,4.32
105.9,57.14,47.58,18.03,52.64,6.7,60.37,wheat,4.81
124.98,43.53,47.13,21.02,59.65,6.66,48.36,wheat,3.2
119.96,47.93,43.64,15.19,51.05,6.37,47.26,wheat,3.34
104.89,51.95,53.96,15.71,59.53,6.16,57.55,wheat,2.55
97.39,40.67,44.15,22.7,51.81,6.72,48.13,wheat,2.54
107.14,41.78,42.78,18.19,66.35,6.4,72.28,wheat,3.76
108.43,43.17,41.45,16.27,63.06,6.05,64.56,wheat,4.07
91.68,53.58,52.78,16.4,50.94,6.61,46.76,wheat,4.07
91.42,45.87,50.18,19.49,51.79,6.8,60.08,wheat,2.55
116.26,55.26,44.92,18.4,56.74,6.44,56.28,wheat,2.73
106.31,48.08,38.57,28.65,66.6,5.88,105.9,maize,4.84
87.44,47.17,44.78,28.98,57.77,6.95,109.59,maize,4.04
88.89,38.01,42.9,24.19,59.64,6.9,69.77,maize,5.61
70.0,42.04,35.76,25.23,61.53,6.97,91.78,maize,5.0
74.88,54.18,36.68,26.46,65.62,5.86,80.94,maize,4.31
86.94,54.01,54.82,24.42,57.67,6.21,59.19,maize,5.78
108.13,38.42,37.11,24.74,64.28,7.0,92.33,maize,5.45
73.36,41.99,40.41,22.6,66.79,5.81,55.07,maize,3.33
94.6,40.6,36.8,27.27,54.1,6.71,79.62,maize,4.22
82.16,53.99,38.51,29.78,59.91,5.81,91.71,maize,3.37
98.9,44.75,47.04,29.77,61.48,6.74,108.29,maize,5.61
80.09,35.11,49.56,29.9,73.91,6.55,108.76,maize,5.2
91.34,47.37,51.42,29.17,55.1,6.3,62.07,maize,3.85
86.02,39.56,50.86,26.82,66.07,6.53,68.44,maize,4.71
72.49,38.4,39.96,28.31,55.27,6.1,106.78,maize,5.53
99.72,45.27,37.21,22.58,66.41,6.15,105.91,maize,4.68
80.62,37.63,45.17,25.47,52.75,6.75,96.56,maize,3.84
70.04,52.42,53.86,22.54,59.8,6.76,65.64,maize,3.85
96.9,47.33,35.07,24.68,50.4,5.82,57.96,maize,3.45
73.97,37.24,41.93,25.75,63.51,6.61,68.17,maize,3.24
74.34,40.04,45.38,24.6,74.13,6.69,85.3,maize,4.52
98.26,48.0,38.08,23.89,52.58,6.4,81.19,maize,4.96
109.73,49.92,45.11,27.0,54.99,6.19,58.77,maize,5.52
87.95,36.91,38.15,22.58,59.89,6.23,102.06,maize,5.56
98.07,36.16,38.03,28.9,58.45,6.35,93.35,maize,5.4
90.28,47.22,41.46,29.37,71.75,5.95,87.71,maize,3.9
106.7,52.13,46.02,25.99,63.82,6.3,66.18,maize,4.81
107.11,46.91,50.01,29.72,58.49,6.77,98.45,maize,3.18
86.63,42.72,49.65,29.48,71.95,6.24,60.97,maize,4.39
89.08,42.4,52.91,29.67,65.42,6.05,102.98,maize,3.82
74.19,49.21,43.49,22.75,69.18,6.39,91.72,maize,4.14
96.67,54.97,37.82,24.7,64.75,6.28,67.64,maize,5.6
107.66,42.56,47.84,27.77,74.01,6.45,69.52,maize,4.34
95.55,49.15,35.71,25.2,65.78,6.92,65.32,maize,4.6
98.27,36.0,42.95,29.53,69.69,6.48,106.14,maize,4.54
79.5,41.89,52.57,29.18,52.25,6.65,99.39,maize,5.59
96.64,38.27,53.05,23.96,70.72,6.98,55.98,maize,5.57
77.95,45.93,44.16,26.52,52.09,6.09,107.46,maize,4.66
75.65,37.57,50.47,24.92,67.29,6.81,103.96,maize,4.17
84.5,39.71,47.37,23.36,59.53,6.59,100.21,maize,3.91
72.56,43.48,53.08,29.54,61.26,6.19,92.24,maize,5.92
95.98,47.27,40.43,28.45,59.55,5.82,57.6,maize,4.21
106.9,47.4,49.79,27.76,60.03,6.04,63.97,maize,5.44
102.94,42.88,44.31,22.58,71.97,6.55,89.38,maize,4.79
84.27,54.75,46.92,25.95,66.71,6.98,73.86,maize,4.41
92.25,45.15,36.59,26.96,54.17,6.04,79.71,maize,4.03
93.49,35.85,42.38,23.42,62.82,6.42,102.78,maize,4.38
72.39,38.51,39.59,23.63,55.86,6.24,85.4,maize,4.71
98.59,39.23,54.89,22.26,55.54,5.81,84.87,maize,4.45
83.04,41.71,37.7,25.44,56.27,5.81,101.83,maize,3.38
106.59,52.65,38.64,28.55,58.76,6.75,79.35,maize,3.86
76.52,35.78,39.98,28.88,63.19,6.64,59.78,maize,5.58
70.21,48.01,46.62,28.64,56.61,5.99,73.09,maize,5.03
101.09,51.67,41.58,25.3,56.23,6.09,105.85,maize,5.27
104.52,44.18,53.81,29.11,73.24,5.82,101.51,maize,4.83
106.27,47.74,41.52,29.97,59.08,6.91,80.92,maize,3.56
92.59,52.09,53.26,27.1,74.92,6.9,73.22,maize,4.03
99.53,49.37,37.42,26.84,63.61,6.28,94.6,maize,4.57
86.11,47.89,39.05,26.48,70.19,6.69,99.42,maize,4.36
83.8,53.04,46.05,27.68,56.1,5.84,69.91,maize,3.01
88.55,35.11,51.26,22.24,69.69,6.51,107.85,maize,4.04
78.33,35.43,35.74,29.73,66.13,6.82,71.8,maize,4.87
101.82,47.33,44.76,24.42,71.54,6.69,80.39,maize,5.2
92.26,47.12,38.46,25.39,69.72,6.67,106.76,maize,3.92
81.18,40.03,52.63,24.19,63.36,5.99,105.07,maize,3.96
104.34,40.18,45.62,23.35,66.82,6.0,104.91,maize,4.75
96.58,38.88,53.93,23.67,65.54,6.62,108.54,maize,3.9
72.2,39.77,36.8,27.23,63.81,6.62,102.56,maize,3.76
99.16,54.5,37.18,29.06,57.14,6.27,92.28,maize,5.71
95.7,40.17,35.21,26.32,55.1,6.84,78.65,maize,5.58
73.7,45.64,37.92,28.23,68.68,6.35,103.67,maize,3.62
79.06,44.55,53.67,28.02,65.8,6.01,88.71,maize,5.0
97.88,42.08,51.04,27.24,54.59,6.67,63.7,maize,5.3
71.65,38.22,39.67,23.43,69.16,6.6,93.72,maize,4.5
94.82,44.75,45.42,27.44,54.94,6.05,102.37,maize,5.58
94.75,50.27,54.43,26.7,54.97,6.26,106.29,maize,3.56
80.16,38.51,47.86,27.29,68.01,5.83,105.9,maize,4.66
86.76,41.2,42.16,27.5,50.43,5.91,79.5,maize,5.2
80.65,36.72,45.22,26.12,56.82,6.72,57.1,maize,3.52
101.21,46.28,53.98,25.49,54.16,6.27,66.52,maize,4.39
90.86,41.82,54.05,23.38,69.08,6.52,56.21,maize,3.09
92.14,36.19,43.98,26.77,64.0,6.24,86.07,maize,3.44
79.57,52.45,35.67,27.07,62.34,6.25,57.36,maize,3.61
70.01,52.86,48.62,26.25,67.95,6.9,88.29,maize,4.6
96.69,39.73,54.98,26.18,57.81,6.43,72.13,maize,5.13
76.13,47.35,41.41,25.96,73.64,6.26,69.61,maize,4.11
76.33,40.33,43.58,28.22,57.9,6.56,73.14,maize,5.28
107.1,45.91,52.05,26.79,66.67,6.24,68.4,maize,4.59
70.19,37.81,42.02,28.26,72.01,6.1,58.22,maize,4.39
89.86,47.08,49.71,28.65,65.26,6.0,73.39,maize,5.62
83.07,51.5,40.5,25.57,55.72,5.8,91.14,maize,3.37
98.25,43.15,44.41,24.32,59.98,5.92,71.88,maize,3.3
78.22,53.15,36.72,25.57,56.75,6.76,67.28,maize,4.5
91.35,53.65,49.21,25.15,73.83,6.04,68.07,maize,4.32
87.28,52.15,36.17,29.0,66.29,6.91,108.51,maize,5.48
82.77,43.75,40.73,23.27,56.08,6.06,98.86,maize,3.63
85.21,51.09,47.18,28.61,61.0,5.87,84.39,maize,4.03
79.25,46.96,38.9,24.58,51.71,6.21,82.45,maize,5.51
100.26,52.17,46.22,27.57,58.7,6.13,61.05,maize,4.68
79.68,42.7,53.42,27.71,61.47,6.49,101.3,maize,3.29
37.22,68.62,81.53,16.79,18.04,6.3,40.04,chickpea,2.35
55.54,73.05,91.39,15.01,20.14,6.39,43.6,chickpea,2.17
41.4,77.38,82.2,23.45,20.57,6.15,58.51,chickpea,2.08
58.78,71.4,94.04,20.47,18.71,6.52,47.33,chickpea,1.76
37.46,66.8,90.75,16.72,18.95,6.12,42.52,chickpea,1.5
57.32,72.06,77.82,16.18,17.22,5.9,52.96,chickpea,1.6
54.99,69.44,82.66,19.14,22.63,6.11,41.1,chickpea,1.5
55.46,70.75,75.18,17.39,16.26,6.87,49.87,chickpea,1.02
37.74,75.28,94.9,17.54,22.98,6.49,54.48,chickpea,1.25
58.85,79.52,84.75,21.96,21.08,7.08,50.85,chickpea,1.43
57.75,76.22,83.06,20.03,16.4,5.8,57.53,chickpea,1.61
39.4,78.9,91.97,21.94,21.81,6.65,41.96,chickpea,2.39
43.2,77.05,91.19,20.67,22.95,6.2,53.23,chickpea,2.35
55.74,77.13,91.79,20.6,23.36,5.74,49.96,chickpea,1.79
48.26,71.64,88.05,21.96,23.09,5.9,34.63,chickpea,2.48
39.96,66.15,89.05,23.37,24.17,7.14,46.62,chickpea,1.62
49.63,77.92,85.09,20.54,20.77,6.76,44.58,chickpea,2.35
52.03,68.01,94.73,15.7,14.6,6.54,44.79,chickpea,1.34
37.95,79.8,89.6,23.36,21.93,6.41,37.34,chickpea,1.52
56.45,75.43,75.57,16.0,16.74,5.58,44.73,chickpea,2.23
48.82,73.99,79.84,22.17,14.14,5.8,33.08,chickpea,1.33
42.96,76.3,83.24,23.24,17.64,6.22,31.31,chickpea,1.51
42.82,70.23,76.48,21.63,21.79,6.62,49.14,chickpea,1.54
56.57,79.18,76.41,15.23,22.72,6.52,51.57,chickpea,1.16
49.3,71.89,90.39,15.41,19.76,5.64,30.97,chickpea,1.67
48.35,73.09,94.7,21.67,18.4,5.81,42.77,chickpea,1.6
59.33,75.03,83.9,17.24,18.23,7.12,44.72,chickpea,1.7
47.67,74.72,90.55,16.54,16.2,5.5,37.93,chickpea,1.27
55.34,75.55,83.1,15.67,23.08,5.96,57.98,chickpea,1.26
43.32,75.44,88.16,18.39,18.1,6.63,46.33,chickpea,2.2
37.3,78.85,76.37,15.93,15.36,6.23,55.69,chickpea,1.69
48.8,77.86,89.99,16.46,23.36,6.08,40.43,chickpea,1.77
45.61,73.43,84.68,23.9,16.42,5.99,55.11,chickpea,1.86
39.99,76.56,94.67,19.05,23.23,6.66,58.42,chickpea,1.58
57.69,74.06,76.27,24.54,16.63,6.2,59.2,chickpea,1.04
58.68,70.34,85.83,18.12,18.16,6.94,40.48,chickpea,1.02
41.3,65.63,78.61,17.25,24.65,5.54,50.93,chickpea,1.59
49.59,67.8,84.95,23.98,19.17,6.24,38.29,chickpea,1.11
57.78,70.0,78.24,19.8,19.04,5.52,51.32,chickpea,1.16
49.92,71.51,83.59,21.91,18.3,5.73,35.19,chickpea,2.28
42.45,74.93,83.78,24.06,14.39,6.31,52.9,chickpea,2.14
54.65,72.22,88.16,19.03,14.54,5.62,59.8,chickpea,2.1
57.32,65.01,79.04,18.55,16.1,7.09,36.11,chickpea,2.29
59.27,78.77,91.25,16.59,16.2,5.85,37.76,chickpea,2.35
54.11,65.9,82.17,17.11,20.93,6.19,56.26,chickpea,2.03
41.83,72.85,76.56,22.65,17.85,5.92,41.9,chickpea,1.95
38.01,77.83,89.69,19.53,24.67,5.85,40.54,chickpea,2.18
44.81,69.41,86.22,23.97,22.34,6.89,31.11,chickpea,2.47
39.32,69.64,90.14,22.9,15.51,7.18,53.05,chickpea,1.47
55.7,74.32,87.53,18.79,17.54,5.53,47.16,chickpea,1.69
37.75,70.35,75.88,18.02,17.93,6.21,41.77,chickpea,2.46
41.84,78.31,80.83,15.06,19.21,6.73,31.81,chickpea,1.83
57.96,67.46,81.36,21.61,20.24,6.83,54.83,chickpea,1.42
57.84,77.94,83.57,23.35,21.54,5.78,39.09,chickpea,1.87
35.57,68.74,85.72,22.31,20.83,5.54,55.36,chickpea,2.16
38.24,70.78,93.02,23.45,16.67,6.45,59.81,chickpea,1.36
46.29,72.02,85.4,15.65,20.61,6.43,42.81,chickpea,1.7
59.61,78.07,89.38,15.02,24.04,6.73,46.87,chickpea,2.08
58.82,78.41,76.75,19.99,20.44,5.92,30.95,chickpea,1.89
48.96,67.73,75.72,17.83,15.25,6.09,42.45,chickpea,1.13
43.94,74.18,93.74,19.44,16.08,7.1,37.17,chickpea,1.36
42.23,75.39,76.43,16.12,19.38,6.99,51.24,chickpea,1.82
36.89,74.92,92.54,18.37,23.73,5.62,31.54,chickpea,1.56
35.98,70.82,89.43,19.41,19.79,5.72,49.74,chickpea,2.39
35.38,69.38,94.53,23.88,19.32,7.09,54.43,chickpea,1.44
42.6,75.42,91.83,21.91,20.47,6.72,31.87,chickpea,1.98
46.13,74.78,90.88,16.2,16.03,5.52,32.88,chickpea,1.85
53.95,68.68,81.03,22.46,24.75,6.64,35.23,chickpea,1.51
39.42,69.55,94.67,18.89,20.23,6.36,49.14,chickpea,1.15
38.21,79.75,75.95,18.6,18.47,7.14,38.75,chickpea,2.14
49.24,73.63,94.55,17.24,22.27,6.22,42.64,chickpea,1.04
55.53,78.01,88.04,22.92,14.38,7.17,58.58,chickpea,1.18
49.72,74.46,77.05,23.83,17.98,5.65,59.0,chickpea,2.28
49.48,71.93,78.15,21.07,18.3,6.24,39.24,chickpea,1.08
57.62,77.04,94.22,17.35,18.1,5.5,47.03,chickpea,1.28
56.82,66.64,93.82,21.83,18.7,7.14,39.18,chickpea,1.91
45.96,71.49,82.31,22.59,22.23,6.09,35.98,chickpea,1.73
44.37,73.82,83.85,15.56,16.14,6.15,46.61,chickpea,1.89
50.43,69.01,79.8,15.57,16.28,6.39,49.62,chickpea,2.26
58.3,69.6,78.67,18.2,23.96,5.74,36.22,chickpea,2.21
39.81,77.66,86.54,20.76,15.68,5.66,53.98,chickpea,2.18
46.07,69.36,84.8,16.26,17.67,6.98,47.89,chickpea,1.75
39.37,76.98,85.62,24.55,14.24,6.29,57.88,chickpea,1.85
56.39,65.06,89.82,22.71,17.46,6.41,56.67,chickpea,1.75
40.95,72.63,78.2,15.88,14.05,6.2,30.52,chickpea,2.19
46.65,76.94,76.7,21.0,23.91,6.09,46.09,chickpea,1.41
40.89,69.15,75.99,17.85,16.42,5.88,56.4,chickpea,1.12
53.13,70.02,75.88,16.64,21.02,5.81,32.69,chickpea,1.53
57.21,78.74,79.56,22.87,14.19,6.91,33.0,chickpea,1.3
41.96,67.45,82.5,23.18,18.1,6.96,56.75,chickpea,1.29
42.04,69.77,85.13,18.25,19.84,6.18,41.83,chickpea,1.91
45.82,66.66,85.37,20.35,23.64,6.97,39.93,chickpea,1.44
38.79,73.52,86.26,18.42,16.49,6.65,38.41,chickpea,2.12
50.01,65.07,82.91,22.2,22.24,5.8,33.17,chickpea,2.18
40.13,71.96,91.57,23.78,23.86,5.53,57.97,chickpea,2.13
42.75,79.59,79.22,18.22,19.46,6.59,57.7,chickpea,2.24
52.58,71.71,84.37,22.71,23.91,6.98,52.91,chickpea,1.87
59.05,79.17,82.7,15.72,18.05,6.69,43.76,chickpea,1.02
59.25,75.47,75.92,20.96,15.19,5.62,44.3,chickpea,2.01
38.6,67.61,80.37,18.5,14.57,6.95,44.89,chickpea,2.25
17.76,60.81,18.31,18.41,21.72,6.77,97.82,kidneybeans,0.86
24.75,63.15,21.79,18.2,19.69,5.64,99.61,kidneybeans,2.0
24.24,60.05,23.23,22.28,23.0,6.44,108.13,kidneybeans,1.81
17.14,60.76,21.36,20.12,19.21,6.21,101.09,kidneybeans,1.43
17.52,58.79,24.87,19.65,23.26,6.06,127.61,kidneybeans,1.03
17.95,63.16,24.53,23.13,23.39,6.16,112.66,kidneybeans,1.3
19.23,60.05,21.63,20.05,18.03,6.84,128.86,kidneybeans,1.22
21.88,56.54,22.44,23.09,19.7,6.88,123.07,kidneybeans,1.95
16.0,59.75,20.9,19.68,20.35,6.66,127.35,kidneybeans,1.91
19.44,60.93,21.45,24.78,20.44,5.74,128.6,kidneybeans,0.86
24.09,55.99,18.52,18.26,22.17,5.7,97.92,kidneybeans,0.91
23.42,62.21,18.76,25.34,23.72,6.93,92.81,kidneybeans,1.47
18.61,60.28,24.84,19.55,20.72,6.75,122.28,kidneybeans,1.97
22.07,59.09,21.68,25.29,22.0,6.09,129.68,kidneybeans,1.6
24.1,64.3,19.78,24.3,21.31,6.78,107.41,kidneybeans,1.3
22.75,61.2,18.12,24.88,20.74,6.4,113.39,kidneybeans,1.94
22.28,59.45,20.87,26.79,24.29,6.8,124.86,kidneybeans,1.0
15.76,59.16,18.87,21.87,22.42,5.5,121.74,kidneybeans,1.06
19.88,58.9,21.28,25.79,21.54,5.98,112.0,kidneybeans,0.89
23.96,63.73,19.93,23.15,24.99,6.63,112.31,kidneybeans,1.18
17.22,62.28,23.31,24.05,20.17,5.85,109.1,kidneybeans,1.46
19.76,62.38,18.05,21.63,18.49,6.32,101.41,kidneybeans,1.64
20.13,57.05,20.99,25.99,19.63,6.43,125.03,kidneybeans,1.17
18.22,56.32,20.09,21.99,23.58,5.96,93.62,kidneybeans,1.21
17.97,61.21,23.09,22.02,24.74,6.08,112.31,kidneybeans,0.93
17.54,60.94,24.44,26.66,21.26,6.91,128.5,kidneybeans,1.48
24.24,55.49,19.04,20.35,24.55,6.42,92.32,kidneybeans,1.65
17.81,55.39,21.0,21.15,22.18,6.41,127.68,kidneybeans,0.82
18.49,60.04,22.73,25.98,21.97,6.66,122.12,kidneybeans,1.79
16.31,63.27,20.51,25.86,22.84,5.82,93.09,kidneybeans,0.88
16.53,56.82,22.0,21.27,24.89,6.56,100.85,kidneybeans,1.88
23.18,59.78,22.85,23.4,19.09,6.52,117.42,kidneybeans,1.55
18.01,63.36,18.72,19.13,23.68,5.82,117.07,kidneybeans,1.13
19.71,58.63,21.38,26.9,24.26,6.63,93.8,kidneybeans,1.87
15.84,55.51,19.61,26.32,18.86,6.8,125.85,kidneybeans,1.56
20.19,61.91,21.36,24.74,19.17,6.92,91.83,kidneybeans,1.25
23.15,57.29,23.32,20.13,23.04,6.29,103.17,kidneybeans,1.73
23.89,56.75,18.05,24.09,21.09,6.89,127.09,kidneybeans,1.51
24.66,57.48,23.13,25.55,21.72,5.59,126.52,kidneybeans,1.77
22.07,56.96,21.96,26.62,19.92,6.44,111.5,kidneybeans,1.31
18.94,63.43,23.29,24.82,22.11,6.79,96.01,kidneybeans,1.26
24.23,59.29,22.51,20.52,24.91,5.84,125.53,kidneybeans,1.78
17.47,55.59,20.02,19.59,18.17,6.74,90.4,kidneybeans,1.85
18.17,59.52,24.66,24.73,22.43,5.84,95.52,kidneybeans,1.0
18.04,60.62,20.35,21.98,18.36,6.42,98.84,kidneybeans,1.97
18.7,59.83,24.06,20.49,20.21,6.93,94.72,kidneybeans,0.95
20.24,57.61,24.2,25.67,21.0,6.03,102.81,kidneybeans,1.32
21.28,59.55,22.56,21.69,19.11,6.55,95.09,kidneybeans,1.06
23.98,59.72,20.57,20.32,19.01,6.92,97.32,kidneybeans,0.94
16.45,61.98,18.66,25.94,23.81,6.77,96.4,kidneybeans,1.34
19.47,64.84,22.29,23.74,23.61,6.35,125.85,kidneybeans,1.17
20.14,55.28,18.56,22.99,18.38,6.08,129.07,kidneybeans,1.07
19.23,59.91,24.14,26.43,20.59,6.08,129.2,kidneybeans,1.38
15.34,59.53,24.54,23.26,21.97,6.23,113.07,kidneybeans,0.86
22.67,62.45,19.25,26.61,21.03,6.54,90.39,kidneybeans,1.83
20.42,61.25,23.15,21.65,18.65,6.87,99.27,kidneybeans,1.54
20.2,62.71,19.88,25.92,24.54,6.46,129.61,kidneybeans,1.77
22.63,62.65,22.31,22.8,23.09,6.18,124.16,kidneybeans,0.88
17.55,61.48,21.69,24.83,21.07,6.94,113.08,kidneybeans,1.97
24.66,59.3,23.77,21.9,22.89,6.39,124.2,kidneybeans,1.3
20.23,64.26,22.1,20.67,22.46,6.02,106.91,kidneybeans,1.84
19.92,57.12,19.48,21.96,24.88,5.99,117.0,kidneybeans,1.7
19.27,56.18,19.68,18.4,20.1,6.48,96.13,kidneybeans,1.5
20.3,55.45,19.31,21.03,20.73,6.9,121.77,kidneybeans,1.87
18.89,61.83,18.57,18.17,24.03,6.44,100.13,kidneybeans,1.2
24.22,59.0,24.26,23.6,21.45,6.73,128.15,kidneybeans,0.87
24.24,64.74,23.04,18.37,21.35,5.58,122.98,kidneybeans,1.0
18.53,62.77,24.5,25.86,18.64,6.05,116.29,kidneybeans,0.87
24.22,60.44,21.75,21.7,24.46,5.7,105.5,kidneybeans,0.85
19.77,59.39,19.37,19.4,20.97,6.93,126.59,kidneybeans,1.5
17.78,58.96,19.77,20.61,20.8,6.59,93.85,kidneybeans,1.87
18.96,56.22,22.37,20.13,22.37,6.06,104.75,kidneybeans,0.89
16.54,59.85,22.42,22.45,18.35,6.97,103.29,kidneybeans,1.51
16.31,63.94,24.34,24.99,24.72,6.49,95.77,kidneybeans,1.97
23.53,64.71,20.16,24.05,24.78,6.66,96.12,kidneybeans,1.11
22.85,56.08,18.97,25.2,18.12,6.92,90.08,kidneybeans,1.41
20.41,56.47,22.89,26.44,19.41,6.81,95.67,kidneybeans,1.44
23.97,59.43,21.5,18.73,22.47,6.57,96.09,kidneybeans,1.11
19.3,62.33,22.83,20.76,22.82,6.86,125.22,kidneybeans,0.91
22.79,58.64,24.43,24.11,21.61,5.84,94.99,kidneybeans,1.41
20.72,60.56,21.44,24.02,24.02,5.64,99.07,kidneybeans,1.11
17.61,56.33,19.19,26.22,21.46,6.59,96.71,kidneybeans,1.78
17.17,55.28,21.85,23.73,22.98,5.55,90.01,kidneybeans,1.65
22.38,63.2,19.46,21.48,19.72,6.96,93.78,kidneybeans,1.77
22.94,55.77,20.69,20.7,19.24,5.52,97.24,kidneybeans,1.16
24.54,62.04,22.63,20.93,19.06,6.41,126.91,kidneybeans,0.82
15.44,60.91,23.14,22.32,22.23,5.81,117.35,kidneybeans,0.9
15.3,60.27,22.47,19.7,21.66,5.51,107.4,kidneybeans,1.49
24.27,57.47,19.22,25.28,19.98,6.05,100.08,kidneybeans,1.41
21.93,61.88,22.88,18.66,22.92,6.51,118.09,kidneybeans,1.95
22.31,56.98,18.61,18.55,18.74,5.98,120.06,kidneybeans,1.94
20.78,61.75,20.21,23.33,18.59,6.29,93.0,kidneybeans,0.92
17.0,64.27,20.96,22.22,20.98,5.56,94.28,kidneybeans,1.08
17.02,58.67,21.12,23.72,22.53,6.53,109.2,kidneybeans,1.76
23.57,57.77,20.42,25.53,23.85,6.84,111.47,kidneybeans,1.96
20.43,64.82,21.05,20.4,22.34,5.74,110.41,kidneybeans,1.6
21.14,64.21,20.19,19.21,22.94,6.46,109.93,kidneybeans,1.7
21.19,61.94,23.18,20.19,24.29,5.99,123.46,kidneybeans,1.53
24.13,56.33,19.17,21.07,21.92,6.84,116.36,kidneybeans,1.41
15.71,56.04,22.5,24.23,18.42,5.58,126.01,kidneybeans,0.93
20.0,66.51,23.15,22.38,54.4,5.53,94.43,pigeonpeas,1.26
20.96,66.39,22.82,28.04,33.25,5.79,84.46,pigeonpeas,1.57
17.05,69.25,24.5,23.36,45.87,5.8,92.29,pigeonpeas,0.83
17.17,63.4,21.52,24.51,60.09,5.75,70.15,pigeonpeas,1.31
15.11,63.4,24.46,28.43,35.98,6.58,72.36,pigeonpeas,1.75
19.5,69.13,19.68,27.99,53.85,5.97,75.2,pigeonpeas,0.87
23.2,65.17,22.84,25.68,43.98,6.98,63.01,pigeonpeas,0.89
21.66,61.94,23.55,25.21,54.78,6.64,88.59,pigeonpeas,0.82
19.95,69.74,23.93,29.57,35.4,5.86,81.42,pigeonpeas,1.8
19.13,68.99,18.17,26.3,47.58,6.68,71.77,pigeonpeas,1.36
23.95,64.64,24.97,25.58,44.14,6.48,60.45,pigeonpeas,1.57
23.46,65.94,18.56,26.75,67.88,6.47,88.63,pigeonpeas,1.0
21.6,61.67,22.3,25.64,53.63,5.86,74.74,pigeonpeas,1.69
24.48,68.17,19.97,27.16,60.39,6.13,63.27,pigeonpeas,0.73
23.76,68.38,21.52,27.42,59.55,6.94,83.47,pigeonpeas,1.27
17.36,60.91,24.13,24.02,59.13,6.54,82.02,pigeonpeas,0.8
21.27,65.45,24.16,22.39,51.34,6.73,88.65,pigeonpeas,0.93
24.93,63.22,23.16,23.75,69.09,6.67,85.74,pigeonpeas,1.37
18.75,69.23,19.64,24.01,32.56,6.72,97.65,pigeonpeas,1.23
19.05,64.43,20.2,28.03,32.42,6.15,88.1,pigeonpeas,1.21
18.5,68.08,18.95,23.93,43.44,6.32,60.88,pigeonpeas,0.74
19.45,63.28,21.26,29.6,60.0,6.64,71.97,pigeonpeas,1.27
16.68,67.93,22.79,22.88,33.42,6.92,68.23,pigeonpeas,1.47
23.14,67.57,21.62,28.91,66.34,6.5,77.31,pigeonpeas,1.74
17.3,66.57,20.17,28.98,65.77,6.19,88.08,pigeonpeas,0.98
23.25,65.36,18.94,22.15,64.08,6.95,76.05,pigeonpeas,1.49
15.97,68.13,21.07,27.02,64.83,6.56,78.64,pigeonpeas,1.02
24.47,64.96,22.77,26.71,46.78,5.78,97.71,pigeonpeas,1.77
15.16,64.35,20.19,25.29,56.97,6.63,92.58,pigeonpeas,1.68
21.31,61.61,21.38,25.36,43.32,6.35,80.27,pigeonpeas,1.41
16.32,68.04,23.65,26.59,54.41,6.24,86.09,pigeonpeas,1.45
15.28,62.87,23.41,24.98,52.65,6.26,99.69,pigeonpeas,1.72
21.92,60.17,24.44,29.52,48.48,5.66,61.74,pigeonpeas,1.14
18.31,63.33,22.57,29.83,66.33,5.6,95.81,pigeonpeas,1.09
23.17,63.93,20.51,26.91,45.74,5.51,71.29,pigeonpeas,0.98
24.23,66.3,19.36,22.59,57.07,6.47,78.99,pigeonpeas,0.81
17.51,60.09,22.72,26.69,64.55,6.49,87.36,pigeonpeas,1.65
19.64,66.81,19.99,24.71,69.71,6.38,97.13,pigeonpeas,0.79
18.99,63.57,24.5,29.56,35.91,6.81,87.43,pigeonpeas,1.79
23.74,62.45,19.19,22.16,30.44,6.16,65.0,pigeonpeas,0.89
21.77,66.94,20.35,27.66,50.19,6.21,94.35,pigeonpeas,1.61
17.01,62.72,21.42,27.58,46.81,5.94,69.09,pigeonpeas,1.0
16.29,68.76,20.73,24.96,31.74,5.9,74.39,pigeonpeas,1.66
18.63,65.75,20.38,24.82,57.45,5.78,65.81,pigeonpeas,1.24
17.64,60.73,18.05,22.93,61.78,6.32,98.15,pigeonpeas,0.82
18.14,61.2,19.15,25.08,66.74,6.94,71.23,pigeonpeas,1.74
24.76,67.21,18.46,25.13,68.36,6.4,82.19,pigeonpeas,1.74
23.81,64.34,19.41,23.57,40.08,6.33,70.66,pigeonpeas,0.75
18.66,65.79,18.82,23.06,37.39,5.53,90.61,pigeonpeas,1.27
17.56,66.62,21.54,25.34,49.08,6.77,71.71,pigeonpeas,1.6
24.84,67.38,19.59,22.98,43.45,6.94,66.99,pigeonpeas,1.16
16.95,67.63,19.2,27.94,61.8,5.79,64.02,pigeonpeas,0.77
19.26,66.65,23.12,28.48,37.09,6.52,94.29,pigeonpeas,1.54
19.99,60.2,23.05,28.59,64.96,5.77,85.71,pigeonpeas,1.35
17.27,63.5,19.66,22.72,38.51,5.53,76.25,pigeonpeas,1.04
23.96,66.43,22.35,28.56,59.91,5.9,63.27,pigeonpeas,1.1
22.48,66.21,18.78,28.16,60.25,6.44,65.03,pigeonpeas,1.46
24.37,64.55,19.3,22.88,61.41,6.08,63.9,pigeonpeas,1.08
22.36,69.59,21.47,23.66,39.19,6.74,66.99,pigeonpeas,1.39
18.36,69.24,22.6,28.66,52.46,5.65,61.44,pigeonpeas,1.77
23.01,61.88,23.3,26.29,60.94,5.82,60.03,pigeonpeas,1.02
15.14,61.81,22.38,27.69,34.01,5.73,86.69,pigeonpeas,1.27
24.22,68.21,24.38,22.71,68.31,5.96,96.78,pigeonpeas,0.74
22.21,61.27,21.75,24.73,53.09,6.81,63.93,pigeonpeas,1.36
24.98,68.81,24.79,24.99,46.81,6.38,69.58,pigeonpeas,1.42
17.98,62.84,18.99,25.0,66.37,6.05,72.97,pigeonpeas,0.83
23.06,60.89,18.64,28.54,54.61,5.71,65.66,pigeonpeas,1.29
21.55,69.86,19.53,23.2,51.29,6.36,64.52,pigeonpeas,1.52
15.97,64.45,21.89,22.55,52.31,6.81,96.52,pigeonpeas,1.71
23.35,62.48,18.49,25.19,66.36,5.96,93.24,pigeonpeas,1.3
19.21,65.87,22.98,28.03,40.26,5.84,85.41,pigeonpeas,1.1
23.8,60.96,18.66,24.42,38.61,6.75,70.15,pigeonpeas,1.39
17.63,68.8,24.92,25.83,50.94,6.02,74.91,pigeonpeas,1.79
20.22,62.8,23.39,23.33,56.11,5.6,77.39,pigeonpeas,1.29
24.08,62.25,22.18,22.47,47.68,5.74,60.91,pigeonpeas,0.77
20.21,65.9,21.14,22.4,44.92,5.61,85.28,pigeonpeas,1.09
17.79,67.12,21.25,24.75,66.39,6.38,76.33,pigeonpeas,1.09
24.67,67.71,21.71,24.55,53.92,6.72,78.6,pigeonpeas,1.67
20.3,61.19,18.31,24.67,66.16,6.17,98.84,pigeonpeas,0.72
19.81,62.84,23.03,28.32,35.98,6.7,69.11,pigeonpeas,1.41
15.1,65.29,21.82,24.74,43.48,5.53,94.73,pigeonpeas,1.03
20.78,69.66,22.96,22.58,54.9,5.82,96.99,pigeonpeas,1.67
24.79,62.1,23.2,29.25,42.01,6.61,95.59,pigeonpeas,1.37
23.88,60.54,21.22,28.76,45.22,6.51,80.01,pigeonpeas,1.05
22.13,64.66,21.41,24.08,31.84,6.84,77.75,pigeonpeas,0.93
19.84,65.83,18.69,28.39,41.83,5.88,72.93,pigeonpeas,1.14
17.45,67.22,23.14,26.88,47.13,6.55,75.31,pigeonpeas,1.72
22.5,62.54,21.58,28.46,38.61,5.83,99.1,pigeonpeas,1.4
17.64,62.1,23.7,23.72,66.68,6.46,78.55,pigeonpeas,1.67
16.91,69.64,22.86,27.26,57.5,6.52,90.08,pigeonpeas,1.41
24.21,64.63,22.69,25.4,37.49,6.51,61.86,pigeonpeas,0.85
22.42,68.22,20.33,25.42,47.21,5.88,75.73,pigeonpeas,0.88
17.72,69.01,22.85,27.49,44.35,6.44,82.0,pigeonpeas,1.55
15.03,68.92,20.99,23.3,34.98,5.67,82.66,pigeonpeas,1.57
21.35,69.39,24.57,22.7,37.69,6.41,96.06,pigeonpeas,1.22
24.68,67.38,21.56,23.15,34.73,6.41,80.19,pigeonpeas,1.4
19.75,66.0,24.92,25.37,48.97,6.37,63.01,pigeonpeas,1.53
20.46,66.74,23.64,23.89,36.95,6.25,65.97,pigeonpeas,1.22
20.88,62.42,23.42,25.26,47.13,6.25,62.61,pigeonpeas,1.55
17.25,61.93,22.27,25.86,60.52,6.79,79.67,pigeonpeas,1.6
21.96,52.23,24.61,30.51,39.25,3.99,29.46,mothbeans,1.03
18.03,50.28,26.46,26.24,35.73,5.99,28.21,mothbeans,1.44
23.97,45.54,25.2,27.48,37.27,4.54,41.03,mothbeans,1.25
23.58,46.17,20.01,33.39,49.81,5.57,52.67,mothbeans,1.43
18.54,48.42,26.55,34.83,33.79,6.99,53.0,mothbeans,1.09
24.29,51.12,23.28,31.92,42.89,5.75,33.4,mothbeans,0.79
18.27,52.08,27.21,27.85,48.58,5.43,49.62,mothbeans,0.7
20.86,52.91,21.67,30.04,37.26,4.4,38.25,mothbeans,0.75
18.73,47.62,27.16,25.48,39.36,3.98,49.83,mothbeans,1.06
21.02,47.48,23.16,31.88,46.01,3.88,20.98,mothbeans,1.1
21.97,49.01,24.22,34.8,45.77,3.65,26.23,mothbeans,1.18
22.58,46.57,20.81,29.79,35.11,4.54,53.39,mothbeans,0.74
21.82,54.68,25.18,33.39,46.08,4.81,42.57,mothbeans,0.74
20.93,44.04,23.69,34.97,49.47,6.61,48.71,mothbeans,0.5
23.34,48.63,27.86,26.24,50.45,5.6,33.11,mothbeans,0.52
19.49,44.63,26.65,31.5,54.05,5.91,30.87,mothbeans,0.57
22.18,49.65,25.46,29.46,40.31,6.78,42.22,mothbeans,1.01
23.7,52.38,24.02,32.86,32.1,6.36,33.47,mothbeans,1.19
19.9,52.03,24.24,26.21,48.83,4.12,23.99,mothbeans,1.25
24.55,44.48,19.6,31.14,30.73,3.51,25.0,mothbeans,1.33
18.82,45.31,25.69,33.38,47.97,6.37,21.64,mothbeans,1.09
23.47,51.94,24.42,27.43,45.86,5.39,24.17,mothbeans,0.99
21.18,45.68,25.6,25.13,32.68,4.14,43.92,mothbeans,1.47
18.01,46.46,18.64,29.49,38.61,4.64,48.62,mothbeans,0.83
23.79,54.17,24.24,26.24,31.05,6.26,51.52,mothbeans,0.94
21.32,54.6,27.59,30.03,30.6,4.05,49.31,mothbeans,0.84
20.9,47.15,26.24,30.34,33.68,4.53,47.21,mothbeans,1.29
24.93,47.85,26.34,25.34,33.41,5.05,32.93,mothbeans,0.96
24.65,51.02,22.17,25.65,42.04,6.07,22.84,mothbeans,1.23
24.21,50.01,27.57,26.8,48.15,6.45,32.62,mothbeans,1.37
19.66,52.49,27.71,28.06,37.87,6.86,36.9,mothbeans,0.75
25.0,47.52,27.24,25.8,41.02,3.82,24.4,mothbeans,1.23
20.83,49.16,25.22,24.14,44.05,6.65,50.44,mothbeans,0.67
20.28,51.0,22.65,28.39,31.78,4.03,46.56,mothbeans,0.97
21.98,49.52,21.36,27.4,49.4,6.57,42.43,mothbeans,0.55
21.42,45.58,27.29,24.32,32.95,4.6,42.78,mothbeans,1.32
22.56,53.3,25.94,31.17,43.18,4.34,32.59,mothbeans,0.78
19.41,47.9,23.93,28.05,40.81,5.21,45.97,mothbeans,0.52
21.41,49.12,18.17,27.08,52.02,5.32,48.31,mothbeans,1.18
18.99,47.53,23.04,24.07,39.43,4.11,31.13,mothbeans,0.78
19.8,53.52,27.27,34.83,50.77,6.86,37.55,mothbeans,1.42
23.48,44.75,25.72,33.74,30.04,4.64,44.44,mothbeans,1.11
21.24,52.44,26.75,32.02,40.84,4.88,37.9,mothbeans,0.68
21.94,54.47,25.18,34.1,33.94,5.8,31.2,mothbeans,1.18
24.21,46.53,22.94,32.29,35.54,6.62,29.85,mothbeans,0.62
20.77,53.43,21.26,25.75,47.4,4.65,31.91,mothbeans,0.78
20.1,49.73,23.24,30.05,34.45,7.0,46.06,mothbeans,0.5
19.38,44.12,25.88,25.05,48.34,3.66,48.17,mothbeans,1.38
21.12,45.02,18.68,33.32,50.94,6.12,34.73,mothbeans,1.44
23.2,47.28,24.81,31.93,48.35,4.76,49.07,mothbeans,0.9
18.01,52.91,23.41,32.96,32.92,4.7,50.38,mothbeans,0.88
20.01,47.51,18.89,30.66,49.43,4.81,38.92,mothbeans,1.33
19.2,49.33,25.22,30.76,30.64,4.89,26.4,mothbeans,0.69
22.97,51.95,23.12,31.24,54.2,6.05,40.78,mothbeans,1.17
22.96,49.35,22.13,27.14,36.12,6.89,49.03,mothbeans,0.85
21.82,48.29,21.75,28.72,38.38,4.67,29.37,mothbeans,0.92
21.3,50.61,21.44,28.82,54.34,5.32,50.7,mothbeans,1.29
21.25,54.34,18.53,24.78,34.21,6.27,41.76,mothbeans,0.99
24.03,50.87,20.57,33.86,39.27,6.57,36.0,mothbeans,1.42
20.86,48.03,25.26,26.74,47.22,5.41,20.41,mothbeans,0.62
19.27,49.68,25.33,30.09,48.56,5.55,36.49,mothbeans,0.71
24.33,46.32,22.12,32.51,46.35,3.83,38.56,mothbeans,0.98
20.46,47.19,24.75,26.88,49.11,6.92,40.43,mothbeans,1.46
19.84,54.2,20.66,32.55,51.52,6.59,43.79,mothbeans,1.21
21.39,46.64,23.57,28.03,37.97,5.8,42.63,mothbeans,0.81
22.93,49.45,21.99,33.2,44.69,5.49,48.92,mothbeans,1.16
21.8,54.49,26.55,28.34,35.9,6.64,42.5,mothbeans,1.48
19.01,48.53,26.76,34.54,39.31,3.9,38.59,mothbeans,1.14
20.37,46.48,22.47,34.51,41.77,5.93,34.64,mothbeans,1.34
24.43,52.39,25.52,30.54,42.27,4.1,30.45,mothbeans,0.65
19.11,44.8,25.01,27.2,41.41,3.83,21.19,mothbeans,0.61
24.54,45.49,23.74,25.6,30.78,4.99,42.46,mothbeans,0.53
22.02,50.08,27.67,24.64,34.75,4.5,20.88,mothbeans,1.03
19.37,50.46,19.55,33.09,32.62,5.09,29.26,mothbeans,1.31
22.21,51.07,20.58,30.3,48.54,5.64,33.37,mothbeans,0.62
19.9,45.63,22.82,28.33,45.72,5.37,23.08,mothbeans,1.46
22.51,54.38,22.08,32.15,40.98,6.42,26.42,mothbeans,1.48
21.87,46.14,24.4,31.42,52.62,4.73,37.0,mothbeans,0.95
19.8,54.97,23.07,25.08,49.32,5.85,52.49,mothbeans,0.84
19.97,44.38,20.61,26.41,40.24,6.48,48.63,mothbeans,1.2
18.31,49.56,24.91,28.35,45.03,5.14,41.64,mothbeans,0.89
21.88,50.19,24.41,31.15,40.47,5.52,23.47,mothbeans,0.6
23.12,47.75,19.35,28.42,47.65,4.37,26.25,mothbeans,1.31
20.1,47.44,26.41,34.71,49.49,4.4,33.67,mothbeans,0.62
18.52,46.75,27.81,33.3,46.84,4.99,52.86,mothbeans,0.79
24.0,45.96,21.44,24.45,40.53,4.37,25.11,mothbeans,0.99
23.41,51.67,27.99,28.05,36.71,4.38,48.31,mothbeans,1.13
24.28,45.2,24.53,29.79,50.96,3.57,40.72,mothbeans,1.45
24.64,49.86,24.76,30.77,48.32,5.89,51.58,mothbeans,1.13
24.57,53.4,26.78,31.66,49.26,4.88,42.19,mothbeans,1.27
21.06,50.12,22.39,31.85,49.93,4.38,23.21,mothbeans,1.23
18.49,48.53,18.25,24.03,30.55,5.29,33.54,mothbeans,1.11
18.08,46.16,24.51,30.4,30.31,4.32,41.68,mothbeans,1.21
19.27,51.98,23.74,26.27,53.98,4.85,41.9,mothbeans,0.59
21.58,52.51,26.63,25.6,37.82,6.08,36.1,mothbeans,0.54
23.94,50.8,20.21,34.25,47.57,4.15,40.1,mothbeans,0.58
22.91,45.61,19.92,27.17,51.1,5.42,39.18,mothbeans,1.07
18.41,49.72,23.7,24.92,47.87,6.23,38.98,mothbeans,1.47
24.35,49.49,24.43,24.67,30.94,6.57,53.98,mothbeans,0.7
19.9,52.1,18.47,24.81,41.74,4.69,43.46,mothbeans,0.89
23.42,47.18,22.5,29.53,92.89,7.07,99.75,mungbean,1.31
20.55,52.78,18.74,29.87,87.65,6.53,88.66,mungbean,0.75
22.81,58.32,20.91,31.16,93.13,7.28,99.89,mungbean,1.28
19.44,64.14,21.87,26.78,93.65,6.69,88.25,mungbean,0.98
20.1,54.08,25.19,27.48,86.23,6.38,67.87,mungbean,0.83
23.88,45.06,18.46,27.9,87.75,7.05,65.04,mungbean,1.0
23.93,47.01,23.63,33.63,90.31,6.87,70.91,mungbean,1.34
20.07,57.05,20.5,29.24,90.21,7.17,63.43,mungbean,1.07
21.57,53.8,20.39,26.89,85.35,7.26,70.36,mungbean,0.9
24.71,45.94,26.4,30.68,88.6,7.22,64.66,mungbean,0.82
21.55,49.19,26.85,34.52,87.98,6.96,88.84,mungbean,0.83
18.64,56.5,22.36,32.73,87.7,6.3,72.72,mungbean,1.06
19.58,45.93,23.36,33.31,93.07,7.23,70.31,mungbean,1.24
18.51,52.38,26.21,25.55,88.58,6.55,96.92,mungbean,1.27
24.0,64.83,25.02,25.75,90.35,6.84,73.5,mungbean,0.91
19.55,50.74,19.82,30.8,90.25,6.26,99.04,mungbean,1.38
24.67,53.91,20.24,33.66,88.35,6.72,88.32,mungbean,1.1
23.06,53.36,24.54,25.79,89.11,7.22,90.32,mungbean,1.49
19.37,64.52,25.56,33.78,86.88,6.59,64.61,mungbean,1.15
18.9,48.83,25.44,28.3,94.39,7.11,87.48,mungbean,1.18
22.55,59.93,19.84,25.29,87.73,7.1,83.91,mungbean,1.21
22.88,55.76,22.34,34.55,85.91,7.06,78.6,mungbean,1.03
21.14,50.95,25.62,30.05,90.29,7.13,92.32,mungbean,1.12
24.21,55.09,21.12,25.86,90.77,7.38,94.17,mungbean,1.22
19.5,61.41,21.06,27.59,87.69,7.06,67.26,mungbean,1.42
18.34,45.5,20.15,32.5,87.86,7.38,97.8,mungbean,0.73
18.93,64.45,27.36,27.56,93.13,6.35,89.74,mungbean,1.34
20.75,56.69,19.74,26.52,91.0,7.21,95.59,mungbean,1.41
24.98,62.13,19.79,27.84,94.55,6.66,60.97,mungbean,0.6
23.52,61.69,22.24,33.48,86.34,6.49,90.35,mungbean,0.68
19.09,62.0,25.94,29.13,92.21,7.28,80.59,mungbean,1.42
19.86,61.72,25.28,27.1,93.46,6.53,71.55,mungbean,1.13
18.46,46.68,23.49,25.74,93.63,6.5,82.12,mungbean,1.48
18.01,58.49,20.29,32.88,92.0,7.0,68.0,mungbean,0.86
18.22,52.3,18.13,30.18,88.66,7.23,84.64,mungbean,1.35
19.8,51.4,23.99,26.52,93.99,6.5,89.46,mungbean,1.14
24.98,61.68,21.1,28.21,92.07,7.33,74.7,mungbean,1.29
18.87,64.17,24.81,28.2,87.28,6.64,88.83,mungbean,1.28
18.24,51.61,20.79,34.22,88.95,7.01,79.73,mungbean,1.46
24.22,58.69,20.4,26.81,94.44,6.5,85.08,mungbean,0.61
19.0,58.05,19.78,29.52,93.24,7.44,97.61,mungbean,0.76
24.98,45.12,23.03,27.78,91.17,6.91,86.2,mungbean,0.6
23.41,48.08,23.73,26.0,94.34,7.03,81.03,mungbean,0.73
23.19,55.45,18.63,25.44,85.36,7.5,95.48,mungbean,0.69
20.29,54.89,27.69,32.84,93.64,6.44,71.67,mungbean,0.97
20.52,61.84,24.69,25.68,87.31,7.2,80.18,mungbean,1.12
22.01,48.18,22.5,27.87,92.22,7.08,64.36,mungbean,1.13
20.14,48.14,24.34,31.26,92.58,7.12,95.44,mungbean,1.48
24.61,51.28,22.54,27.79,91.64,7.36,80.6,mungbean,0.64
21.07,50.42,23.46,33.78,93.31,7.22,99.13,mungbean,1.02
19.87,60.26,23.99,34.16,90.33,7.09,70.16,mungbean,1.23
22.04,64.27,21.01,33.52,85.66,6.27,77.73,mungbean,0.83
24.82,60.19,24.89,28.31,93.95,7.17,68.96,mungbean,0.95
19.15,52.89,24.05,30.09,85.35,6.29,88.9,mungbean,1.39
21.11,59.21,22.4,33.97,85.32,7.28,69.41,mungbean,0.97
18.88,62.93,23.25,29.81,85.6,7.32,94.0,mungbean,0.63
22.1,52.07,20.76,26.73,85.76,6.48,99.32,mungbean,0.98
22.38,62.02,26.11,30.45,89.98,6.72,92.09,mungbean,0.95
20.07,57.67,25.36,28.73,90.45,6.96,98.29,mungbean,0.6
19.4,47.42,21.93,28.23,93.29,6.8,70.82,mungbean,1.03
19.35,50.61,20.41,27.76,92.21,6.99,86.83,mungbean,0.84
18.48,59.6,18.2,26.12,85.71,6.66,77.88,mungbean,0.93
22.22,63.64,24.3,26.27,89.63,6.71,70.34,mungbean,0.82
20.39,56.41,23.06,32.57,86.67,6.88,69.85,mungbean,0.6
24.07,58.94,21.32,28.83,90.07,6.79,61.43,mungbean,0.92
24.78,56.96,26.98,28.24,94.99,6.72,71.91,mungbean,0.92
20.29,52.18,19.8,28.46,93.61,6.65,88.1,mungbean,0.85
20.89,56.44,24.66,31.58,94.44,7.43,90.75,mungbean,1.37
18.52,53.44,26.4,31.85,91.92,7.14,74.78,mungbean,1.21
22.95,54.56,27.88,26.33,87.36,6.61,71.77,mungbean,1.46
19.91,59.35,22.28,29.82,89.81,6.39,71.0,mungbean,0.87
23.38,46.88,20.07,32.82,92.73,6.31,91.2,mungbean,1.35
22.28,49.1,24.67,29.18,94.85,6.58,72.6,mungbean,1.08
18.01,54.46,21.71,33.24,90.35,7.24,74.11,mungbean,1.32
19.21,53.64,20.82,31.57,85.95,6.38,90.77,mungbean,0.97
21.46,46.41,24.62,26.41,87.8,7.39,85.24,mungbean,0.85
21.79,59.51,23.41,28.37,91.39,6.54,72.06,mungbean,0.98
22.05,54.95,24.38,31.7,87.97,6.27,98.2,mungbean,0.89
23.79,52.36,19.23,30.57,88.69,7.43,86.15,mungbean,0.74
20.69,53.36,18.4,25.9,89.5,6.49,64.22,mungbean,1.14
21.02,63.01,23.2,28.36,86.74,6.34,93.54,mungbean,1.35
24.85,57.11,18.48,29.9,94.35,7.11,79.87,mungbean,1.43
23.29,45.51,23.74,26.31,91.75,7.32,90.53,mungbean,1.26
21.2,56.94,21.5,30.98,86.6,7.23,73.45,mungbean,0.95
19.15,53.1,26.6,34.33,94.14,7.4,82.18,mungbean,1.48
24.15,49.64,19.44,31.33,92.54,6.46,79.26,mungbean,0.87
24.06,63.07,24.97,32.34,94.01,6.73,71.36,mungbean,0.68
18.21,62.82,25.24,34.93,86.13,7.34,98.24,mungbean,1.24
19.92,59.84,21.77,27.95,93.33,6.35,66.4,mungbean,1.34
22.57,45.37,26.67,26.35,92.21,6.84,80.07,mungbean,0.73
24.93,62.24,20.74,32.01,93.38,6.44,89.82,mungbean,1.21
24.0,45.14,23.77,26.99,89.33,7.2,96.54,mungbean,0.72
18.58,52.53,23.08,27.81,85.68,6.24,64.61,mungbean,1.06
23.01,52.99,18.43,29.18,94.74,6.52,66.75,mungbean,0.8
20.95,48.25,20.38,30.02,93.24,7.24,63.64,mungbean,0.68
19.61,62.21,22.39,34.94,86.31,7.34,74.39,mungbean,0.79
19.69,54.06,18.32,27.5,94.77,6.96,92.69,mungbean,1.07
23.06,53.28,25.41,32.76,92.14,7.49,86.61,mungbean,0.77
19.56,46.54,21.97,34.72,88.47,7.43,93.62,mungbean,0.83
23.56,50.02,21.48,33.17,89.42,6.36,70.84,mungbean,0.64
44.2,62.83,25.65,30.01,84.05,5.94,67.28,blackgram,0.71
44.63,67.49,24.57,26.26,83.26,6.18,85.75,blackgram,1.2
42.55,60.5,26.12,28.67,84.54,6.83,83.68,blackgram,1.33
42.8,60.93,24.62,25.53,71.1,6.45,60.14,blackgram,1.0
43.64,69.32,24.49,30.59,76.97,6.25,69.81,blackgram,1.22
40.67,67.31,24.41,31.86,84.55,6.29,77.77,blackgram,1.19
35.56,66.4,26.08,28.0,83.61,5.86,88.6,blackgram,1.34
42.33,60.68,20.23,28.72,77.38,5.77,91.63,blackgram,1.24
37.39,67.12,27.99,25.33,67.74,7.2,80.72,blackgram,0.83
44.54,68.64,25.6,28.2,69.49,7.16,86.56,blackgram,0.83
42.27,68.6,27.0,26.71,72.41,6.3,61.01,blackgram,1.07
35.12,62.44,27.77,31.1,78.29,6.41,75.85,blackgram,0.81
40.13,66.59,22.5,30.72,80.59,6.07,81.95,blackgram,1.12
38.58,60.07,23.42,27.95,65.68,6.73,84.71,blackgram,1.04
42.47,65.42,25.33,29.35,72.16,6.54,82.19,blackgram,1.15
39.67,67.42,27.73,31.57,84.17,6.71,56.88,blackgram,1.25
38.96,68.0,24.9,31.41,84.06,7.09,57.27,blackgram,0.84
35.62,66.71,24.17,30.51,77.35,6.14,68.69,blackgram,0.86
41.71,67.33,23.57,28.98,77.07,6.26,65.08,blackgram,1.46
36.58,65.58,25.76,25.38,78.2,5.79,74.5,blackgram,1.48
35.24,69.08,18.0,31.89,80.09,6.48,74.91,blackgram,1.3
42.83,69.85,26.46,26.54,74.53,6.0,92.82,blackgram,0.97
35.23,65.15,18.39,30.72,83.91,6.57,92.53,blackgram,1.23
37.38,61.76,19.41,26.6,76.61,6.25,68.41,blackgram,0.86
38.8,69.57,19.88,28.12,65.18,6.85,85.65,blackgram,0.76
35.33,68.75,18.3,28.34,77.04,6.43,84.94,blackgram,1.05
35.89,60.98,19.76,27.42,68.43,6.45,85.18,blackgram,1.29
39.1,65.05,23.41,30.3,83.48,7.02,91.03,blackgram,1.43
35.62,64.87,22.79,31.56,65.15,6.84,77.16,blackgram,0.9
41.27,62.14,24.35,26.38,67.59,5.86,83.22,blackgram,0.88
38.62,67.9,21.21,29.62,70.4,7.11,84.55,blackgram,1.22
40.61,66.42,27.46,25.1,66.39,6.11,90.81,blackgram,0.77
35.34,61.44,27.7,28.04,75.52,6.31,71.93,blackgram,0.85
40.93,68.8,27.14,30.81,80.95,5.75,79.19,blackgram,1.2
36.01,62.57,24.43,30.93,79.27,6.23,76.84,blackgram,1.44
44.68,60.88,25.87,30.93,77.63,7.04,55.46,blackgram,1.34
39.62,67.77,26.93,25.15,65.73,5.85,63.68,blackgram,1.01
37.66,69.06,20.92,29.24,70.18,6.62,68.08,blackgram,1.49
39.79,61.79,22.52,31.44,68.19,7.14,78.89,blackgram,1.42
35.52,66.63,18.53,31.27,81.22,6.85,78.81,blackgram,0.82
36.31,65.27,19.81,31.69,82.24,6.06,63.22,blackgram,0.94
43.46,61.23,27.85,29.92,66.17,6.72,90.76,blackgram,1.4
36.93,62.23,22.35,30.25,76.46,6.11,59.37,blackgram,1.14
39.91,69.98,19.58,27.44,70.31,6.88,68.09,blackgram,0.86
43.73,68.74,24.99,26.39,81.09,6.19,64.61,blackgram,1.13
39.68,61.27,22.72,29.88,69.05,6.51,86.04,blackgram,0.84
40.43,65.28,21.92,25.71,82.69,5.84,56.31,blackgram,1.49
37.51,65.81,24.55,27.86,65.86,7.04,75.25,blackgram,0.74
39.33,61.58,26.97,30.3,73.11,5.63,73.2,blackgram,1.48
39.77,61.52,27.84,28.3,76.83,5.54,92.23,blackgram,0.83
42.78,63.16,21.67,26.3,68.43,6.42,65.22,blackgram,1.18
41.67,68.38,27.95,31.05,72.24,6.41,89.94,blackgram,1.26
36.99,67.04,18.55,29.15,68.04,6.31,90.24,blackgram,1.47
41.93,68.92,18.97,27.96,65.49,6.7,92.39,blackgram,1.4
43.57,62.01,18.23,31.91,79.83,5.58,86.95,blackgram,1.37
37.5,69.87,18.9,30.42,76.29,5.74,83.85,blackgram,1.36
41.66,60.16,25.22,26.46,65.39,6.85,84.48,blackgram,1.46
35.73,60.14,25.28,29.45,81.57,5.97,88.75,blackgram,0.85
39.63,63.68,21.47,29.41,81.48,6.85,92.98,blackgram,1.39
41.69,66.78,21.54,27.59,65.15,6.75,75.09,blackgram,0.97
37.4,61.47,22.88,30.43,76.52,6.04,69.82,blackgram,1.28
35.11,65.04,23.67,27.02,70.82,6.77,92.0,blackgram,1.17
37.14,67.54,20.23,26.12,67.78,6.72,70.75,blackgram,1.41
43.77,62.26,22.03,27.09,65.86,6.79,77.07,blackgram,0.8
43.89,60.03,27.02,30.65,73.34,6.23,79.59,blackgram,1.32
37.32,63.04,21.3,28.32,75.04,5.96,61.85,blackgram,0.75
37.6,68.63,19.61,26.93,80.6,6.72,56.95,blackgram,0.82
40.49,61.38,21.19,28.64,71.23,6.83,61.16,blackgram,1.04
39.35,65.68,22.19,30.12,69.29,5.88,81.9,blackgram,0.71
37.27,67.65,22.5,27.83,70.55,6.35,94.86,blackgram,0.99
35.76,62.66,26.14,25.57,77.24,6.04,88.74,blackgram,1.31
44.61,66.81,26.48,30.76,77.48,6.77,67.69,blackgram,1.07
38.15,69.52,22.01,29.33,75.96,6.29,87.68,blackgram,0.96
37.91,61.06,22.46,25.27,80.5,6.49,78.2,blackgram,1.43
36.11,67.15,25.5,28.64,70.26,6.87,75.8,blackgram,1.23
39.31,66.52,20.86,31.4,76.59,5.71,59.44,blackgram,0.95
37.07,61.09,23.69,25.39,73.45,5.99,88.94,blackgram,1.02
44.79,62.46,26.46,28.55,66.7,6.53,61.93,blackgram,1.35
42.99,67.85,25.65,25.39,69.98,5.52,62.86,blackgram,1.22
38.56,65.44,27.4,30.93,77.74,5.76,74.41,blackgram,0.79
36.12,65.72,18.89,30.42,70.45,6.45,77.26,blackgram,1.4
40.88,69.12,25.58,30.47,73.78,6.53,76.91,blackgram,0.83
37.29,68.35,19.48,27.53,74.1,5.73,71.65,blackgram,1.16
35.85,64.75,27.71,29.51,81.24,5.96,94.05,blackgram,1.24
39.16,65.34,27.3,30.17,78.98,6.38,80.85,blackgram,1.03
37.36,66.48,19.92,26.18,72.86,5.86,77.38,blackgram,1.21
42.6,65.27,21.64,30.19,78.51,6.24,87.96,blackgram,1.28
36.03,64.92,24.54,28.38,70.34,6.85,88.9,blackgram,0.78
35.49,61.63,23.19,30.08,69.05,6.47,65.99,blackgram,0.71
42.31,65.95,19.88,29.43,78.8,5.68,74.31,blackgram,1.43
38.2,67.02,23.53,29.31,76.29,6.83,83.52,blackgram,1.29
39.59,67.04,26.79,29.94,74.4,5.73,89.72,blackgram,1.49
42.42,68.54,23.2,25.68,81.96,5.71,69.66,blackgram,1.29
38.62,60.16,26.18,31.01,66.27,6.93,91.75,blackgram,1.19
37.7,66.66,27.92,27.13,73.9,7.09,58.8,blackgram,1.25
41.47,69.65,24.78,28.24,65.12,5.67,82.75,blackgram,1.33
44.54,68.37,24.79,29.15,77.77,6.47,86.6,blackgram,1.43
41.97,60.12,19.03,26.77,65.59,5.53,58.05,blackgram,0.76
39.07,65.14,27.28,25.27,78.8,5.74,56.5,blackgram,1.26
43.19,68.35,27.05,31.12,74.63,6.1,77.44,blackgram,1.14
20.78,68.03,21.91,19.89,65.23,7.83,42.03,lentil,1.41
22.36,63.0,19.44,24.86,64.15,7.03,55.28,lentil,1.81
16.95,64.13,27.63,18.27,69.93,6.15,59.29,lentil,1.39
24.75,65.48,24.7,18.29,71.81,7.35,41.58,lentil,0.88
19.63,67.88,24.77,21.31,69.31,7.58,46.4,lentil,1.66
23.17,65.93,20.29,24.7,64.23,7.77,62.34,lentil,1.02
24.21,62.55,25.88,18.64,66.36,7.78,54.57,lentil,0.82
18.77,66.64,26.6,24.17,71.26,7.48,63.37,lentil,1.09
17.16,69.13,23.72,20.11,69.37,6.65,36.09,lentil,1.1
23.0,66.85,22.07,16.96,70.49,7.31,44.47,lentil,1.66
21.1,65.9,19.39,17.9,64.75,6.38,62.59,lentil,0.9
24.31,69.57,24.69,16.26,66.9,8.0,57.71,lentil,1.65
18.89,66.1,22.64,24.64,66.51,6.97,55.54,lentil,1.2
23.64,63.54,22.83,20.46,72.92,6.47,42.07,lentil,1.03
20.52,66.05,25.12,24.68,74.2,7.04,60.37,lentil,1.02
23.9,66.7,22.07,15.43,74.29,6.96,43.49,lentil,0.92
22.43,69.36,20.43,21.05,70.97,6.07,46.55,lentil,1.96
23.77,69.32,18.15,17.06,74.86,7.17,50.09,lentil,1.39
16.11,69.27,24.19,16.74,66.93,7.65,60.81,lentil,1.26
22.65,60.42,26.27,22.6,67.37,6.32,39.62,lentil,0.87
20.17,66.98,23.35,18.28,64.48,6.5,48.71,lentil,1.59
19.39,61.48,21.42,23.71,67.88,6.4,48.02,lentil,0.9
19.25,68.9,23.32,23.04,65.89,6.62,39.76,lentil,1.21
24.36,61.28,24.28,15.85,72.57,7.75,52.7,lentil,1.97
19.53,61.86,27.94,18.56,69.85,6.44,51.01,lentil,1.44
23.68,69.64,20.58,16.26,74.68,7.81,35.36,lentil,1.79
21.5,66.27,19.71,22.41,71.03,6.53,58.23,lentil,0.86
24.79,65.88,22.47,24.43,70.09,7.56,48.83,lentil,1.79
18.51,62.89,22.73,15.84,66.44,6.91,44.58,lentil,1.15
22.7,61.19,26.37,18.48,72.91,6.41,61.89,lentil,1.96
19.52,65.52,22.65,17.17,70.59,7.04,54.33,lentil,0.91
23.39,64.09,20.33,16.47,68.67,7.45,48.09,lentil,1.65
19.1,68.05,20.34,24.17,69.85,7.04,36.45,lentil,0.86
21.48,69.46,25.5,21.26,67.91,7.8,38.61,lentil,1.86
18.4,64.85,22.56,22.86,69.41,7.62,40.31,lentil,1.41
16.02,66.12,26.84,23.29,66.35,6.81,58.01,lentil,1.15
21.02,60.25,18.04,16.51,73.0,7.78,53.69,lentil,1.09
17.05,69.92,19.16,19.54,67.15,6.78,50.51,lentil,1.88
17.17,68.43,24.19,16.31,71.23,7.43,50.8,lentil,1.71
21.73,60.67,23.84,18.68,65.81,6.9,53.96,lentil,1.3
22.62,61.0,24.56,18.03,72.08,6.61,49.41,lentil,1.87
17.13,63.09,21.14,19.42,64.22,6.56,38.94,lentil,1.81
19.48,68.14,19.83,21.33,64.89,7.74,62.53,lentil,1.31
23.15,66.94,26.71,15.92,65.56,7.22,42.69,lentil,1.03
22.96,66.68,19.85,21.28,70.8,7.72,50.09,lentil,0.98
16.15,65.05,21.56,19.11,66.35,7.52,60.91,lentil,1.2
16.71,69.34,19.29,22.45,65.26,7.2,45.4,lentil,1.5
21.09,62.66,27.36,15.52,70.6,7.76,55.44,lentil,0.89
15.48,62.71,23.28,15.11,71.32,6.09,50.07,lentil,1.9
24.84,67.87,24.11,21.29,69.01,6.79,63.89,lentil,1.62
15.98,63.88,26.11,18.73,71.5,6.04,64.46,lentil,1.19
24.89,65.01,24.36,19.71,71.74,6.34,56.02,lentil,1.46
17.9,62.49,27.62,23.76,71.92,7.39,43.25,lentil,1.21
18.02,60.99,23.99,19.99,70.03,6.34,41.24,lentil,0.9
22.4,61.32,19.29,17.87,67.56,7.51,43.44,lentil,0.83
15.24,64.4,24.06,17.08,73.66,7.22,45.36,lentil,1.04
18.68,64.5,24.96,17.15,65.76,6.83,63.79,lentil,2.0
15.9,61.79,24.2,19.31,73.82,7.56,48.48,lentil,1.9
16.24,69.82,24.38,17.26,67.56,7.66,54.84,lentil,1.95
15.18,62.54,27.6,24.56,71.77,7.52,48.07,lentil,0.82
21.6,61.32,25.1,22.17,69.38,7.74,37.4,lentil,1.81
22.96,69.57,25.82,23.3,67.86,6.54,49.03,lentil,1.73
16.97,62.92,19.6,18.14,71.96,6.21,49.51,lentil,1.65
19.84,62.14,23.88,24.91,69.28,6.45,61.58,lentil,1.76
16.39,60.37,26.33,16.31,74.29,7.97,41.35,lentil,1.02
19.33,61.69,27.16,24.69,70.51,7.07,49.16,lentil,1.77
24.45,68.52,20.65,24.33,66.24,6.55,39.48,lentil,1.74
17.28,60.28,25.35,22.51,74.37,7.4,55.22,lentil,1.68
21.1,66.32,19.71,20.43,68.04,7.52,45.78,lentil,1.19
22.82,65.34,22.67,15.6,65.07,7.76,59.53,lentil,1.41
16.74,63.99,23.49,16.53,67.08,7.06,42.37,lentil,1.52
23.02,60.75,23.14,18.18,65.58,6.54,39.54,lentil,1.96
20.62,63.49,24.17,22.89,70.78,7.35,36.37,lentil,1.02
23.47,62.24,23.5,23.08,67.54,6.29,56.09,lentil,1.65
15.04,60.68,19.53,16.32,72.01,6.3,57.47,lentil,1.23
18.48,66.59,22.02,24.85,72.67,6.37,64.27,lentil,1.67
20.69,65.7,20.5,17.35,70.26,6.52,46.03,lentil,1.69
16.17,68.71,19.5,16.84,66.63,7.33,55.3,lentil,1.95
22.71,64.52,18.53,20.25,68.78,7.32,59.63,lentil,1.89
19.96,60.55,22.7,20.93,74.2,7.75,38.36,lentil,1.65
23.71,64.04,19.22,16.71,64.37,7.24,42.87,lentil,0.86
21.68,68.44,19.21,15.98,66.6,6.87,45.86,lentil,0.96
21.86,67.98,27.32,16.57,64.02,6.39,39.23,lentil,1.73
19.73,64.39,27.43,23.18,67.59,6.38,51.78,lentil,0.81
22.08,65.37,19.23,22.93,67.29,7.43,49.34,lentil,1.88
20.95,68.49,22.51,21.62,64.69,7.48,41.57,lentil,0.81
21.68,60.81,22.08,19.66,72.63,7.8,60.2,lentil,0.89
15.82,67.14,20.58,24.66,73.71,7.0,55.37,lentil,1.32
23.68,63.88,23.79,15.29,71.49,6.55,37.87,lentil,1.92
20.82,60.05,27.46,23.67,71.89,6.79,53.71,lentil,1.76
15.37,64.86,24.47,17.52,67.0,6.52,46.36,lentil,1.56
21.52,69.53,23.54,20.35,70.76,6.84,40.52,lentil,1.35
18.33,61.92,18.51,17.95,74.03,7.53,59.65,lentil,1.16
17.15,64.81,18.61,16.53,74.26,6.49,45.15,lentil,0.86
19.29,61.72,22.83,23.94,70.99,6.42,60.75,lentil,1.81
23.33,61.47,23.57,23.01,72.66,7.26,62.48,lentil,1.28
16.52,65.94,23.18,22.78,73.33,6.4,57.18,lentil,1.8
21.61,60.52,19.95,20.55,71.9,6.3,51.58,lentil,1.07
19.85,65.31,21.95,15.62,72.2,6.61,46.17,lentil,1.08
21.85,69.29,25.87,17.71,66.92,6.22,60.46,lentil,1.07
13.52,15.67,50.6,26.37,93.85,6.43,138.03,pomegranate,8.07
15.63,12.47,44.26,34.29,97.33,6.46,108.4,pomegranate,12.24
12.63,15.9,50.92,26.12,92.27,6.64,158.69,pomegranate,17.87
12.62,15.75,47.67,33.24,96.84,6.68,159.26,pomegranate,19.82
16.12,11.02,46.82,26.23,93.47,6.51,187.56,pomegranate,8.3
11.29,19.76,50.05,20.77,91.07,6.54,125.55,pomegranate,14.58
17.97,14.74,41.7,28.03,90.37,5.83,182.5,pomegranate,10.06
14.87,16.7,38.55,25.78,91.88,5.71,167.85,pomegranate,17.48
12.19,16.54,49.03,34.35,95.56,6.04,167.72,pomegranate,11.62
10.17,10.73,48.2,30.85,94.37,6.33,187.5,pomegranate,11.49
16.31,11.51,38.68,35.01,94.66,6.77,137.45,pomegranate,15.2
11.45,17.84,42.06,36.9,91.92,6.6,179.02,pomegranate,17.16
10.89,17.3,39.65,23.46,93.95,5.7,197.13,pomegranate,19.46
15.48,19.5,51.61,23.17,96.53,5.57,183.36,pomegranate,10.01
15.86,18.08,46.98,32.08,97.79,6.71,155.08,pomegranate,17.24
11.36,11.12,46.77,27.24,97.86,6.44,170.55,pomegranate,9.62
16.55,16.21,38.53,34.59,92.18,6.84,152.15,pomegranate,14.26
12.99,17.81,40.8,23.16,90.94,6.57,195.58,pomegranate,16.98
18.14,11.61,44.74,25.0,94.64,6.02,158.26,pomegranate,15.47
18.52,17.56,38.27,37.87,97.73,6.65,150.08,pomegranate,18.4
16.47,18.73,40.37,21.97,97.32,6.02,139.09,pomegranate,13.91
12.01,17.42,49.38,29.56,91.02,6.55,101.95,pomegranate,19.24
10.03,13.07,50.65,28.57,96.52,6.06,115.82,pomegranate,12.95
18.18,15.58,43.28,24.79,95.24,6.33,170.52,pomegranate,16.57
18.7,15.85,41.8,21.7,97.02,6.98,144.79,pomegranate,19.54
14.5,10.08,40.02,26.81,91.97,5.94,192.29,pomegranate,9.74
12.14,16.51,49.92,18.04,95.05,5.55,163.49,pomegranate,15.7
16.29,14.08,42.09,20.53,91.35,6.75,142.78,pomegranate,11.93
18.85,16.38,51.43,31.19,92.98,5.9,122.49,pomegranate,18.01
14.33,10.79,47.71,23.18,90.1,6.84,107.49,pomegranate,13.26
13.81,10.85,42.02,24.14,91.75,6.46,177.09,pomegranate,17.93
19.04,15.0,47.52,31.78,93.92,6.78,171.53,pomegranate,18.04
18.15,11.21,46.25,36.57,91.17,6.22,163.25,pomegranate,10.11
13.24,15.16,39.86,34.7,95.83,5.89,153.59,pomegranate,9.36
19.02,18.97,50.12,23.03,96.76,6.23,127.62,pomegranate,18.0
15.76,12.43,50.23,35.24,92.55,5.52,184.79,pomegranate,16.4
14.93,10.88,39.59,25.84,94.72,6.51,178.28,pomegranate,14.72
14.24,13.58,48.93,27.82,97.44,6.98,104.48,pomegranate,19.59
14.21,11.69,48.75,27.29,91.32,6.97,130.69,pomegranate,12.96
10.27,19.1,38.91,21.1,93.55,6.8,159.76,pomegranate,14.52
13.4,19.85,50.23,33.1,97.66,5.62,142.33,pomegranate,14.39
15.27,18.16,51.3,24.4,91.87,5.61,118.67,pomegranate,19.19
16.67,14.2,49.6,22.77,95.6,6.72,191.28,pomegranate,8.52
19.05,11.31,42.66,36.2,90.59,6.37,129.48,pomegranate,14.35
11.45,17.51,44.38,37.87,95.3,6.18,161.72,pomegranate,19.74
16.58,15.75,50.68,31.62,90.7,6.06,129.06,pomegranate,15.72
15.13,15.45,50.04,37.86,97.04,5.52,156.75,pomegranate,8.3
16.12,17.08,47.41,18.46,93.96,6.18,130.49,pomegranate,9.92
17.02,10.92,40.03,28.01,92.83,5.96,155.77,pomegranate,11.73
10.81,10.98,45.68,32.95,92.11,6.55,174.85,pomegranate,19.68
18.05,18.1,51.3,30.63,96.67,6.78,102.4,pomegranate,13.52
13.58,10.18,39.25,25.24,90.27,5.66,137.39,pomegranate,13.78
10.88,12.11,46.58,33.97,91.05,6.65,175.55,pomegranate,16.72
10.39,18.89,46.36,37.97,93.42,6.71,165.68,pomegranate,9.57
13.07,17.13,44.44,28.11,93.38,5.67,179.88,pomegranate,17.45
18.06,10.08,40.46,34.84,92.07,6.21,120.49,pomegranate,9.55
17.36,15.4,44.53,24.85,94.76,5.68,180.36,pomegranate,12.27
14.25,14.79,44.51,26.87,92.99,6.47,144.27,pomegranate,17.46
15.15,11.67,48.77,36.36,96.37,5.82,118.18,pomegranate,10.73
16.53,13.7,51.61,35.12,95.1,6.35,136.65,pomegranate,14.85
11.03,11.04,48.0,21.61,96.88,6.89,169.04,pomegranate,13.22
14.78,12.4,38.66,20.2,90.33,5.55,182.22,pomegranate,18.84
19.81,14.7,41.47,32.6,91.23,6.11,198.2,pomegranate,13.51
12.19,14.29,44.4,26.56,94.35,6.92,150.91,pomegranate,13.45
13.39,18.09,42.63,31.34,96.0,6.01,194.53,pomegranate,17.86
19.0,17.97,38.21,30.02,95.04,6.22,156.56,pomegranate,19.09
16.1,12.72,44.12,34.97,95.13,6.53,176.67,pomegranate,18.38
13.38,15.2,44.72,36.53,93.17,5.98,181.48,pomegranate,18.19
14.88,11.69,38.51,26.88,91.31,6.39,135.79,pomegranate,9.57
19.56,18.86,50.09,26.4,90.48,6.98,139.2,pomegranate,18.51
17.6,18.61,48.04,19.14,94.92,6.14,158.3,pomegranate,9.74
12.84,18.96,48.89,37.29,90.89,5.98,187.12,pomegranate,16.75
18.22,10.56,41.09,37.74,97.17,6.96,160.85,pomegranate,19.3
12.67,17.76,52.0,32.39,97.39,6.75,167.02,pomegranate,19.15
19.43,13.71,50.42,29.45,92.75,5.95,183.42,pomegranate,9.5
18.07,16.7,46.3,20.78,94.14,5.79,153.46,pomegranate,10.78
14.08,11.01,38.05,29.37,92.46,5.75,180.45,pomegranate,18.24
10.11,12.15,45.11,28.07,90.22,6.09,184.01,pomegranate,8.55
14.22,15.95,47.79,23.02,91.15,6.42,135.01,pomegranate,17.93
17.06,14.28,48.53,34.26,94.43,6.82,155.43,pomegranate,17.81
16.6,13.09,47.97,22.26,94.69,6.95,104.18,pomegranate,18.04
12.75,15.49,40.44,25.53,96.04,5.84,136.05,pomegranate,15.08
17.96,17.02,43.27,25.51,93.86,6.93,121.72,pomegranate,12.05
18.96,16.42,39.39,34.97,94.33,5.87,142.16,pomegranate,16.13
17.96,14.88,43.03,20.87,96.5,5.53,169.12,pomegranate,14.17
16.21,12.31,50.19,29.01,94.05,6.72,163.45,pomegranate,17.81
19.94,18.23,44.34,32.04,97.48,6.1,123.82,pomegranate,17.83
11.56,10.79,45.59,24.77,92.39,5.67,190.98,pomegranate,11.45
17.99,13.62,43.63,27.0,94.89,6.64,172.26,pomegranate,14.03
15.86,17.26,50.84,19.57,90.41,6.36,127.54,pomegranate,12.41
13.63,17.09,46.07,21.88,95.04,6.65,194.82,pomegranate,10.26
14.06,15.14,51.1,23.55,94.4,6.03,115.2,pomegranate,10.49
18.2,19.72,46.21,28.78,91.1,6.26,173.58,pomegranate,19.75
19.28,16.01,43.49,34.22,97.54,6.33,186.53,pomegranate,16.98
11.6,19.84,40.15,28.42,90.3,5.7,134.63,pomegranate,16.1
13.9,13.68,39.1,30.15,91.57,6.08,161.09,pomegranate,14.91
18.95,16.07,43.58,36.07,91.75,6.17,119.45,pomegranate,12.6
17.43,11.33,48.32,27.44,94.11,5.99,107.43,pomegranate,17.2
10.81,16.2,46.66,37.61,97.6,6.36,184.73,pomegranate,14.47
16.34,13.9,38.04,33.23,91.55,6.5,145.21,pomegranate,10.58
99.24,75.7,52.43,29.69,75.17,5.84,120.56,banana,17.75
87.55,78.15,49.25,29.84,86.49,5.7,124.04,banana,24.53
80.07,74.43,52.7,30.49,88.17,5.55,184.1,banana,39.17
85.48,77.23,48.25,28.34,76.12,5.61,160.08,banana,21.95
106.36,76.55,52.29,26.55,81.87,6.98,142.8,banana,16.13
81.29,76.34,54.89,31.71,76.14,5.92,132.44,banana,19.69
87.74,79.73,51.26,29.08,79.75,6.16,115.02,banana,16.4
107.8,78.1,50.2,31.34,87.56,6.95,100.21,banana,25.77
102.2,74.25,53.27,26.67,83.44,5.59,176.44,banana,16.24
107.67,72.39,51.78,26.09,87.69,5.7,161.51,banana,28.16
85.17,75.18,51.35,26.02,78.63,6.0,124.46,banana,33.68
88.3,75.16,52.99,25.9,84.65,6.0,100.53,banana,32.92
80.59,71.44,54.17,27.5,84.42,5.56,155.01,banana,34.59
99.78,71.84,53.47,26.25,84.89,5.59,136.02,banana,38.38
84.7,76.58,48.91,25.87,83.24,5.69,182.59,banana,22.03
107.22,78.68,52.72,31.5,79.81,5.87,126.78,banana,27.58
90.59,73.66,49.37,25.75,77.16,5.61,143.87,banana,19.11
108.52,70.33,52.41,25.27,87.54,6.54,116.75,banana,18.66
89.9,70.69,48.5,26.56,84.76,6.3,164.82,banana,31.86
105.67,74.09,53.63,26.08,81.55,5.72,136.81,banana,23.36
86.0,72.96,54.5,27.91,76.54,6.6,105.75,banana,39.69
105.87,71.26,50.16,26.5,80.86,6.13,138.5,banana,30.58
95.69,76.61,53.08,28.94,89.26,5.98,168.79,banana,30.51
109.12,78.9,52.14,31.79,75.34,6.62,169.0,banana,18.46
98.96,73.34,52.48,27.35,84.69,6.48,132.08,banana,15.11
82.15,74.62,48.03,26.08,85.49,6.87,184.57,banana,23.35
103.42,77.81,52.22,27.6,80.44,6.12,164.02,banana,22.71
97.79,72.15,52.73,29.88,88.67,6.84,150.35,banana,36.88
97.64,76.0,52.59,27.74,84.81,6.69,145.85,banana,35.09
94.08,75.32,48.49,31.8,88.52,5.97,159.18,banana,39.2
93.77,77.12,52.25,28.96,85.24,6.38,140.15,banana,32.58
108.22,79.97,48.32,25.01,80.26,6.34,142.05,banana,37.79
83.62,74.29,51.03,29.43,84.58,6.86,130.72,banana,24.13
92.69,78.78,53.04,25.17,85.53,6.91,160.68,banana,20.3
98.39,71.26,51.12,27.3,84.77,6.39,119.68,banana,25.69
109.95,76.32,49.68,26.86,83.87,5.57,132.52,banana,22.62
90.33,72.63,53.36,28.61,75.6,6.53,114.53,banana,18.51
88.48,77.94,51.89,26.61,84.87,6.93,101.26,banana,26.2
89.93,78.21,54.87,25.27,89.87,6.08,124.89,banana,34.21
96.96,78.01,52.2,27.8,78.24,6.17,105.13,banana,18.89
89.91,74.57,52.2,25.81,89.39,6.67,162.66,banana,21.36
108.41,76.65,53.97,29.3,81.49,6.14,175.29,banana,36.14
100.93,74.69,53.41,27.15,83.46,6.88,112.72,banana,33.0
86.58,75.32,54.09,30.35,85.11,6.96,153.91,banana,30.42
91.89,70.13,54.47,30.71,80.49,6.09,104.87,banana,33.29
102.05,75.91,51.44,28.83,82.5,6.96,179.7,banana,28.8
107.09,76.16,54.57,29.59,77.2,5.9,114.87,banana,22.27
95.1,73.53,48.96,27.9,86.32,6.45,124.3,banana,28.65
109.56,74.34,50.63,30.62,77.18,6.11,112.81,banana,21.01
89.63,76.16,51.41,26.22,79.53,6.34,167.9,banana,35.75
97.66,76.28,49.55,26.68,84.98,6.12,100.23,banana,16.2
83.46,74.02,48.84,27.26,88.8,6.63,107.0,banana,15.48
105.29,78.48,52.72,25.89,87.53,6.9,120.32,banana,19.09
94.35,71.81,53.4,25.08,78.96,6.72,157.05,banana,39.59
100.35,77.65,52.19,28.08,88.55,6.57,134.06,banana,39.45
109.28,71.28,54.9,29.15,83.23,6.52,143.34,banana,24.56
94.68,73.23,51.19,26.98,84.08,5.58,178.97,banana,22.35
107.01,70.66,49.35,30.34,79.66,6.1,166.69,banana,15.41
91.93,73.08,52.33,29.6,78.98,6.51,189.76,banana,15.71
98.77,77.71,54.05,28.11,78.69,5.76,137.21,banana,15.66
91.5,77.57,50.49,25.73,84.5,6.76,109.78,banana,18.82
84.87,79.05,54.26,30.97,79.76,6.66,146.62,banana,24.25
106.21,78.54,49.4,29.0,83.84,5.84,102.37,banana,17.74
103.9,71.56,54.53,27.63,78.51,5.91,126.18,banana,35.46
99.58,72.51,51.85,27.74,77.73,6.53,157.48,banana,20.55
107.51,70.78,51.69,26.83,77.67,6.48,137.54,banana,35.3
95.35,79.61,48.68,26.6,77.52,6.76,171.54,banana,29.36
87.4,78.7,54.94,28.66,89.74,6.75,157.36,banana,26.53
100.56,78.95,49.4,31.08,87.33,6.76,163.57,banana,15.35
85.27,78.28,53.32,27.24,84.63,6.61,116.93,banana,25.46
86.51,70.92,50.07,30.74,86.66,6.97,177.55,banana,21.99
93.24,73.17,54.42,25.03,86.17,6.56,169.65,banana,37.23
93.87,72.81,51.54,31.47,85.92,6.22,110.87,banana,33.5
83.13,72.17,49.18,30.66,76.97,6.46,185.86,banana,22.25
85.56,73.99,53.55,29.51,84.08,6.92,117.05,banana,16.51
88.44,79.08,49.47,27.97,81.22,6.01,120.76,banana,33.98
92.8,73.9,49.25,25.76,85.26,6.9,130.17,banana,26.18
87.66,76.07,53.9,31.41,75.48,6.76,159.31,banana,35.31
87.22,75.61,48.14,29.57,79.3,6.68,150.79,banana,20.38
91.08,73.78,54.67,27.18,80.7,5.62,188.83,banana,28.47
98.81,79.55,54.11,25.39,78.97,5.97,151.92,banana,39.44
98.62,71.25,53.93,31.9,81.81,6.43,101.61,banana,23.01
85.15,76.3,48.77,25.04,78.49,6.08,134.21,banana,19.5
103.2,74.82,54.12,27.41,84.78,6.68,177.21,banana,32.59
107.91,78.79,53.04,27.65,81.84,6.56,187.96,banana,27.3
97.84,79.81,48.03,31.56,78.79,6.02,157.09,banana,36.67
94.62,75.76,48.62,26.86,88.56,6.08,166.27,banana,32.34
105.19,79.1,50.79,28.87,84.37,6.42,185.5,banana,27.57
94.45,72.09,52.28,28.64,82.41,6.85,141.34,banana,29.58
89.95,78.81,53.99,28.3,77.59,6.19,159.07,banana,29.39
103.92,79.26,51.8,31.6,84.51,5.86,159.94,banana,21.13
81.39,75.4,53.49,29.2,76.1,6.25,100.43,banana,19.23
103.64,73.0,51.25,31.37,84.74,6.17,120.81,banana,26.71
104.95,76.56,52.34,30.45,84.64,6.69,174.51,banana,21.23
99.24,73.47,50.28,28.54,86.76,6.24,161.13,banana,21.02
93.58,73.87,53.02,26.94,80.62,6.69,163.22,banana,20.49
90.84,74.38,49.18,26.88,87.2,6.2,105.36,banana,39.59
87.42,74.79,53.13,25.04,79.81,6.43,179.38,banana,33.36
100.12,78.63,48.07,28.45,89.34,5.98,167.27,banana,36.88
93.17,71.34,52.09,27.64,87.92,6.45,113.07,banana,21.85
7.12,5.83,39.51,28.94,46.31,7.32,100.15,mango,8.12
2.02,4.72,35.59,30.25,52.8,5.76,106.19,mango,13.59
7.46,2.01,37.19,29.91,58.19,6.25,108.82,mango,6.22
8.06,3.65,36.55,30.23,57.43,5.76,103.95,mango,14.2
4.14,3.99,31.15,29.59,61.45,5.7,117.38,mango,5.99
6.7,1.89,28.44,27.66,62.78,6.36,108.01,mango,6.08
3.93,4.4,33.12,32.41,64.68,5.6,119.32,mango,10.14
9.24,7.39,40.48,28.54,64.09,6.67,90.0,mango,10.64
6.48,0.88,37.31,32.48,60.22,5.7,99.99,mango,5.15
6.67,7.69,28.21,34.95,57.82,5.63,117.79,mango,13.84
3.33,4.22,31.47,33.93,49.22,7.5,117.45,mango,14.87
0.37,3.66,40.84,27.71,62.78,5.7,115.75,mango,12.71
5.1,6.46,30.9,28.61,60.75,6.1,107.75,mango,9.17
9.96,6.86,29.77,32.06,60.58,7.1,95.52,mango,7.26
7.28,8.15,28.25,28.53,54.94,5.69,94.33,mango,14.56
1.63,1.83,28.56,32.97,58.5,6.05,101.38,mango,9.39
0.3,6.38,34.51,29.4,59.07,6.9,101.49,mango,7.65
3.72,7.22,34.35,30.64,58.25,5.76,118.0,mango,13.22
5.73,6.17,31.37,32.35,55.31,6.44,114.5,mango,5.58
8.14,5.05,31.53,28.16,50.38,5.81,96.49,mango,14.38
2.66,8.05,34.37,30.86,46.69,5.86,108.1,mango,14.3
5.85,9.16,41.05,30.58,46.49,6.06,105.04,mango,6.94
3.33,8.09,30.99,27.3,62.53,6.02,116.51,mango,12.67
6.58,7.57,33.18,28.68,56.76,6.49,115.71,mango,9.19
9.25,2.17,36.95,28.93,64.15,6.02,92.15,mango,12.24
2.1,1.41,39.37,33.36,50.72,7.48,104.42,mango,11.84
6.2,6.19,30.83,29.3,64.32,6.81,91.16,mango,8.54
1.02,8.02,30.71,32.45,62.79,6.95,116.92,mango,6.01
2.25,4.83,33.55,31.06,57.6,6.58,103.15,mango,14.67
2.46,8.06,40.16,34.94,56.44,6.55,110.06,mango,6.4
5.39,3.18,29.4,27.19,49.16,7.0,116.07,mango,12.66
5.87,8.48,31.11,28.61,45.6,5.54,107.94,mango,13.08
9.2,3.23,34.49,29.82,51.08,5.54,97.26,mango,9.85
3.07,8.46,31.95,27.03,55.35,7.01,111.6,mango,5.83
6.26,2.02,32.63,31.46,63.28,7.06,93.59,mango,13.94
6.7,4.42,32.03,31.05,55.05,7.4,111.35,mango,8.55
2.35,8.43,31.35,33.56,56.9,6.97,99.45,mango,9.56
4.41,4.27,28.57,30.68,62.71,6.43,107.97,mango,14.65
7.7,1.49,29.36,32.71,55.16,6.25,100.34,mango,14.34
4.33,9.06,29.43,34.51,58.98,5.58,113.71,mango,8.22
0.79,3.62,35.71,33.56,57.38,6.41,102.27,mango,14.56
6.57,4.54,34.82,32.14,60.83,5.69,106.74,mango,12.93
0.6,3.83,36.77,30.2,64.14,7.43,110.72,mango,7.05
4.09,6.41,35.62,32.47,55.67,6.88,93.71,mango,9.44
9.04,8.68,38.23,29.95,59.13,5.65,118.05,mango,6.74
1.27,1.97,35.07,30.04,51.71,6.6,105.31,mango,14.2
1.48,4.88,41.32,30.71,46.28,5.89,113.43,mango,7.93
3.45,6.77,38.27,29.56,62.4,5.97,119.52,mango,6.28
7.01,5.3,30.37,34.12,49.64,5.83,115.02,mango,10.63
4.08,6.85,30.15,34.71,62.68,6.73,99.35,mango,11.3
4.99,4.3,36.58,34.95,47.57,7.2,117.6,mango,14.2
6.79,8.92,41.25,33.19,53.24,7.34,93.4,mango,11.86
1.35,5.64,30.92,34.26,46.65,6.8,105.77,mango,12.72
1.56,2.82,36.12,30.03,56.13,6.5,106.82,mango,14.06
7.14,8.93,38.39,31.86,59.15,6.66,111.7,mango,7.58
7.78,7.02,34.42,29.79,55.86,6.09,104.59,mango,11.43
5.26,4.07,37.36,29.55,55.27,7.08,90.9,mango,13.22
6.4,4.99,30.21,29.75,56.78,6.82,100.96,mango,6.71
7.26,6.84,38.44,31.67,64.59,6.33,110.13,mango,5.9
7.33,4.86,30.11,33.11,58.84,6.95,119.83,mango,11.08
8.11,2.21,30.01,28.16,64.94,6.74,98.36,mango,12.86
3.46,1.88,28.75,27.05,63.68,7.39,90.12,mango,9.28
1.89,3.84,29.83,30.26,62.14,5.63,109.67,mango,14.23
9.26,7.26,30.4,31.81,63.36,6.53,106.51,mango,12.25
5.11,8.54,33.36,30.27,56.92,6.98,119.3,mango,8.26
7.88,3.01,28.05,27.26,56.66,6.68,106.21,mango,7.26
7.02,1.95,34.32,32.62,63.51,6.18,102.67,mango,9.94
4.38,2.61,28.99,29.78,52.6,6.64,100.07,mango,13.97
2.76,3.0,30.21,30.15,46.91,7.23,107.0,mango,7.03
6.24,5.0,28.74,32.11,56.75,7.19,115.71,mango,5.04
1.29,7.81,40.98,28.35,63.09,6.26,99.67,mango,5.65
7.5,9.01,40.04,32.81,47.85,6.62,103.99,mango,10.19
8.19,6.05,30.37,32.46,52.11,5.71,100.32,mango,5.89
6.99,6.57,40.36,28.88,56.24,6.24,110.27,mango,12.83
4.54,6.23,29.51,29.63,58.8,5.85,90.45,mango,9.66
0.76,5.23,32.68,27.34,55.42,6.93,110.9,mango,14.04
7.04,6.63,29.15,29.48,47.67,6.47,111.2,mango,6.6
8.35,5.2,33.09,33.05,48.89,7.35,108.34,mango,12.06
8.21,5.68,37.02,28.6,53.38,5.9,107.36,mango,9.06
5.25,1.21,38.18,34.9,63.12,5.62,93.04,mango,8.78
3.37,3.49,28.1,29.14,46.54,7.08,100.33,mango,13.3
2.96,7.71,40.86,28.28,48.54,6.53,96.8,mango,7.59
6.99,5.34,38.08,34.9,48.57,5.96,119.73,mango,7.96
8.44,9.29,41.6,29.48,47.85,7.36,119.22,mango,12.0
2.33,1.18,31.62,32.33,53.27,6.35,107.57,mango,7.01
3.68,6.36,36.24,31.0,55.16,5.92,100.58,mango,5.43
2.14,7.87,38.56,27.0,45.01,6.33,109.83,mango,11.57
6.83,0.77,39.38,28.37,52.77,6.79,113.52,mango,8.02
3.83,1.23,28.2,34.98,64.54,7.43,111.69,mango,12.14
5.51,1.34,38.05,31.62,59.57,5.91,100.25,mango,6.28
4.52,6.42,39.65,27.08,46.15,5.85,98.66,mango,10.26
7.87,7.2,34.89,29.25,56.33,5.92,92.79,mango,8.87
4.38,1.04,37.91,27.45,49.21,7.16,109.51,mango,8.52
3.68,1.53,36.23,32.7,57.96,5.64,103.65,mango,13.89
5.42,8.94,31.91,33.55,61.27,7.39,90.76,mango,13.33
9.94,9.66,32.84,32.48,58.83,6.06,119.01,mango,10.33
4.73,3.35,35.27,29.07,58.1,6.27,115.28,mango,10.43
9.35,6.28,28.58,27.67,53.66,6.33,107.78,mango,10.7
9.05,2.95,37.07,34.64,54.72,6.66,119.5,mango,11.69
5.81,6.94,41.57,32.9,48.11,5.82,110.77,mango,14.17
11.08,23.37,200.71,34.71,85.42,6.97,62.67,grapes,14.03
10.81,24.68,206.59,23.83,80.73,5.82,69.37,grapes,18.65
19.54,24.3,203.87,31.69,88.07,5.89,73.2,grapes,8.93
15.02,24.13,209.13,33.18,88.74,6.03,60.03,grapes,8.92
13.65,21.23,200.46,25.84,89.08,6.6,57.41,grapes,18.58
17.2,24.26,195.31,27.56,91.7,5.64,71.73,grapes,22.57
12.66,22.02,195.06,23.5,81.44,6.62,64.06,grapes,16.01
13.73,21.26,198.32,27.78,84.55,6.07,66.31,grapes,17.73
13.21,25.03,208.31,29.86,94.99,6.52,58.8,grapes,19.6
12.76,21.23,207.16,33.48,84.8,5.88,65.68,grapes,13.17
18.53,23.34,202.4,32.34,93.33,6.69,60.27,grapes,24.61
19.35,29.57,198.46,28.85,85.44,5.67,62.64,grapes,13.52
12.89,26.85,208.69,28.94,81.25,5.5,57.89,grapes,11.27
12.86,26.6,195.19,27.13,90.68,6.95,66.83,grapes,8.92
18.2,25.34,206.81,34.42,90.44,6.17,63.16,grapes,16.93
17.89,20.38,209.86,34.8,84.46,6.07,71.21,grapes,24.29
10.59,24.06,204.02,29.91,93.34,6.1,73.42,grapes,22.7
19.4,26.97,209.07,24.2,92.98,5.65,55.02,grapes,8.25
18.34,27.54,198.17,33.9,94.46,5.98,68.77,grapes,14.78
18.45,24.33,203.78,27.91,93.96,6.36,61.84,grapes,17.26
13.07,25.9,203.45,30.63,91.03,6.9,70.43,grapes,8.61
12.69,22.83,209.44,33.04,81.74,5.79,60.83,grapes,8.21
10.64,29.49,201.6,27.46,91.8,6.97,57.3,grapes,21.5
12.74,29.66,199.25,34.61,81.42,5.77,57.23,grapes,17.38
18.01,28.94,208.91,29.47,88.16,6.04,65.43,grapes,22.78
10.19,26.69,197.89,25.06,82.76,6.29,65.16,grapes,11.27
14.54,20.35,205.88,22.88,87.55,6.18,73.17,grapes,17.31
12.46,20.63,206.97,34.13,84.7,6.43,61.06,grapes,13.94
19.38,22.69,203.19,32.49,88.3,6.53,65.66,grapes,8.07
19.7,24.99,200.8,27.6,83.54,6.81,66.73,grapes,16.83
17.45,24.97,198.32,24.16,90.09,5.71,58.46,grapes,18.19
17.49,25.08,197.44,34.37,89.52,6.24,62.19,grapes,11.15
18.08,20.3,203.71,25.0,92.61,6.9,65.15,grapes,8.83
18.38,24.93,197.91,23.64,83.83,5.76,62.73,grapes,23.6
19.23,22.6,196.0,30.02,83.07,6.09,56.66,grapes,10.96
11.62,26.25,200.26,28.3,84.94,5.97,59.34,grapes,20.87
17.08,23.05,207.83,34.98,83.12,6.22,70.5,grapes,23.26
18.86,24.64,200.75,32.92,87.9,6.67,64.32,grapes,21.58
13.0,22.65,205.65,22.91,84.91,6.73,67.59,grapes,22.8
10.22,21.52,201.74,31.87,93.21,6.67,64.52,grapes,19.12
14.83,22.08,201.47,26.65,81.1,6.28,62.64,grapes,18.07
19.78,29.34,206.58,23.44,89.13,5.87,69.76,grapes,8.04
17.65,25.72,208.67,33.49,84.0,6.27,55.33,grapes,9.59
11.9,28.43,198.92,24.63,81.53,5.96,68.66,grapes,16.45
16.59,23.81,201.05,33.75,85.45,6.37,60.02,grapes,22.83
15.54,27.07,206.78,28.73,91.3,6.44,63.71,grapes,20.25
19.1,27.55,205.61,27.42,80.02,5.6,70.37,grapes,17.64
11.0,20.88,203.01,30.34,80.17,6.79,65.68,grapes,12.94
12.74,22.85,195.83,22.54,85.39,5.84,60.02,grapes,17.63
16.22,29.98,197.98,26.62,83.69,5.9,68.03,grapes,11.13
15.36,25.51,195.37,25.77,81.48,5.74,65.67,grapes,24.25
12.25,23.98,206.04,22.88,83.92,5.51,57.1,grapes,23.53
11.02,28.9,207.71,32.0,87.79,6.92,63.69,grapes,20.71
10.49,29.62,200.67,31.29,82.43,5.91,64.29,grapes,11.65
15.67,26.38,200.38,29.6,83.27,6.57,74.78,grapes,18.11
19.59,27.42,200.48,30.44,90.33,6.99,72.59,grapes,18.6
13.67,22.67,204.73,30.86,85.69,6.5,65.91,grapes,21.75
11.13,21.16,208.86,25.05,84.92,5.63,57.49,grapes,12.12
12.06,23.97,204.34,22.17,87.52,5.83,56.18,grapes,21.23
11.57,29.88,197.87,28.13,86.16,6.04,62.75,grapes,8.35
13.09,29.54,197.35,26.96,94.85,5.6,73.83,grapes,15.72
18.48,23.16,209.8,25.0,87.09,5.7,66.45,grapes,14.85
14.36,22.62,200.44,28.0,90.16,5.58,63.97,grapes,20.58
17.52,21.92,207.61,30.2,87.26,6.3,70.76,grapes,22.34
17.01,24.74,199.78,23.84,93.98,6.11,73.7,grapes,23.84
13.13,25.98,209.93,31.93,86.17,6.63,55.53,grapes,14.33
15.94,22.02,205.26,34.83,81.39,5.78,62.38,grapes,20.55
11.3,27.23,203.7,23.29,89.67,6.51,73.15,grapes,19.36
17.58,26.64,198.25,32.65,87.05,5.96,68.68,grapes,11.66
16.28,29.28,202.52,24.32,93.85,5.61,61.93,grapes,14.72
11.67,21.5,206.44,25.23,83.17,6.86,56.88,grapes,14.72
16.64,23.91,205.76,26.77,85.55,5.59,56.99,grapes,13.39
14.55,27.0,198.18,29.39,87.52,6.48,68.73,grapes,16.5
14.21,20.03,199.16,33.03,91.25,5.87,68.13,grapes,11.54
13.31,29.12,208.78,33.74,91.36,5.69,73.92,grapes,18.06
15.08,24.27,206.24,30.59,86.01,6.55,73.21,grapes,21.18
17.24,24.08,205.06,26.66,93.62,6.32,55.28,grapes,22.56
17.79,23.92,206.03,23.07,94.58,5.52,58.63,grapes,20.31
14.47,28.78,203.59,29.0,86.99,5.93,60.58,grapes,14.36
11.14,28.81,195.08,25.32,89.48,5.51,65.34,grapes,19.03
11.39,29.22,199.27,24.27,84.43,5.55,74.33,grapes,17.68
18.83,28.52,200.52,30.99,80.01,6.41,60.56,grapes,9.25
19.52,23.57,197.05,24.9,89.94,5.57,72.3,grapes,17.22
17.39,24.25,201.54,32.76,85.0,6.08,73.97,grapes,23.29
10.44,25.32,202.42,29.44,93.09,6.05,59.69,grapes,22.54
16.48,27.72,202.28,34.39,91.2,6.85,55.62,grapes,13.87
19.38,29.46,208.19,31.26,94.03,6.27,72.74,grapes,14.29
10.51,21.32,203.94,27.32,88.82,6.09,62.07,grapes,14.69
13.36,22.52,196.14,26.37,90.22,5.52,66.07,grapes,24.33
14.11,26.83,209.03,30.52,94.79,5.61,63.61,grapes,20.62
11.45,26.09,203.5,27.18,91.32,6.61,57.38,grapes,23.78
11.26,25.95,205.01,26.91,82.98,5.52,63.31,grapes,22.67
13.54,22.75,204.33,31.91,94.2,5.59,70.23,grapes,8.39
16.46,20.07,203.67,24.01,87.15,6.18,72.66,grapes,11.1
14.18,23.36,204.91,33.49,85.16,5.89,58.7,grapes,11.24
14.85,29.67,203.22,22.42,80.21,5.57,69.69,grapes,9.24
19.9,24.83,209.61,25.78,81.02,5.96,73.73,grapes,19.71
12.39,23.09,202.75,26.35,90.22,5.82,56.09,grapes,10.9
12.57,28.36,198.66,24.07,80.68,6.72,57.07,grapes,15.17
19.83,27.92,207.44,29.27,84.71,5.7,73.68,grapes,19.6
102.17,20.68,59.2,31.2,83.81,6.92,57.13,watermelon,22.04
100.05,14.37,52.42,25.54,87.65,6.63,81.51,watermelon,15.46
100.91,23.51,56.88,24.8,87.07,6.88,60.34,watermelon,16.38
99.03,16.14,48.06,33.84,86.91,6.65,52.75,watermelon,29.19
101.3,21.53,59.83,25.66,87.25,6.21,78.57,watermelon,29.28
108.56,19.98,56.94,34.33,82.46,6.92,73.16,watermelon,23.53
107.0,15.73,57.97,30.91,83.66,6.55,78.73,watermelon,20.91
108.37,19.69,59.38,30.87,87.26,6.16,78.1,watermelon,22.4
102.58,22.28,51.25,29.34,92.31,6.63,62.55,watermelon,11.79
106.79,15.88,55.86,26.07,94.73,6.05,65.29,watermelon,19.11
102.94,16.29,51.12,28.24,83.1,6.22,60.14,watermelon,29.83
104.93,23.6,54.49,25.5,92.62,6.07,61.18,watermelon,14.49
98.15,15.65,59.08,24.34,83.97,6.98,58.36,watermelon,19.45
103.32,15.8,57.16,26.96,83.58,6.59,71.39,watermelon,22.16
107.12,20.03,45.0,34.94,87.0,6.22,89.38,watermelon,15.76
106.71,15.83,58.7,25.72,88.29,6.3,67.05,watermelon,20.09
109.15,15.55,58.31,31.96,82.46,6.27,69.66,watermelon,22.21
106.74,19.69,50.83,34.85,83.61,6.46,48.26,watermelon,29.98
100.4,19.0,45.49,33.12,89.22,6.87,83.13,watermelon,15.48
101.39,16.56,56.57,24.32,94.11,6.82,73.86,watermelon,12.3
107.44,23.27,54.8,32.01,92.47,6.02,51.28,watermelon,11.83
106.12,17.34,51.35,32.7,80.29,6.53,63.32,watermelon,10.12
106.98,15.26,48.79,25.63,81.62,6.22,47.11,watermelon,23.5
104.28,21.01,52.97,32.88,81.7,6.08,47.48,watermelon,24.31
103.23,19.67,47.16,27.16,88.62,6.95,80.0,watermelon,11.84
106.41,22.92,48.73,27.57,88.14,6.28,50.93,watermelon,12.35
105.37,22.82,51.87,30.46,81.03,6.07,54.88,watermelon,10.23
108.76,15.51,45.67,31.34,81.98,6.92,69.35,watermelon,18.15
104.99,17.21,45.85,31.58,90.87,6.23,48.65,watermelon,17.89
104.23,19.04,53.1,30.36,82.72,6.49,65.01,watermelon,24.79
108.84,22.82,54.21,24.97,86.51,6.42,82.94,watermelon,11.27
108.67,14.36,57.84,25.0,92.58,6.66,63.21,watermelon,22.93
108.52,14.05,47.23,30.5,93.88,6.53,87.82,watermelon,22.14
99.07,23.47,54.61,26.56,81.27,6.67,58.1,watermelon,24.82
99.11,17.2,48.59,24.15,90.16,6.65,63.29,watermelon,23.53
101.28,17.58,52.74,28.04,90.83,6.86,84.98,watermelon,15.45
105.21,19.16,49.96,25.47,83.77,6.8,45.53,watermelon,12.26
102.84,20.4,55.65,30.7,80.03,6.22,63.05,watermelon,18.75
98.17,19.73,54.62,33.91,89.78,6.93,56.97,watermelon,15.79
100.63,20.61,52.9,26.94,89.41,6.62,58.48,watermelon,29.94
100.46,14.5,46.81,25.52,88.58,6.72,74.63,watermelon,15.56
106.9,17.5,46.53,24.18,90.24,6.72,84.27,watermelon,28.12
104.09,22.85,55.51,28.63,87.2,6.95,80.29,watermelon,13.61
100.27,21.07,46.12,33.03,83.24,6.05,70.89,watermelon,12.34
105.81,14.59,49.93,26.15,93.38,6.36,58.38,watermelon,12.87
102.35,23.1,50.26,27.14,84.57,6.85,73.98,watermelon,13.08
99.96,16.16,53.94,28.15,81.18,6.55,62.14,watermelon,24.85
103.4,22.74,58.64,29.5,85.08,6.12,74.96,watermelon,12.77
108.06,19.18,52.05,33.92,94.65,6.7,78.89,watermelon,22.89
108.77,22.37,51.92,29.91,94.47,6.15,64.9,watermelon,26.69
107.17,17.22,45.39,25.58,94.33,6.43,65.28,watermelon,22.63
103.92,19.74,58.43,26.16,92.03,6.55,86.36,watermelon,16.52
100.41,14.72,52.26,24.5,84.99,6.83,67.46,watermelon,13.77
101.03,19.39,49.92,28.81,83.09,6.38,54.66,watermelon,15.1
102.77,22.84,55.64,32.18,89.39,6.6,85.63,watermelon,20.12
101.07,16.04,59.42,24.37,94.08,6.29,63.58,watermelon,19.37
98.26,22.74,57.8,24.68,82.5,6.28,65.95,watermelon,15.89
98.02,18.18,49.69,27.98,85.85,6.83,45.86,watermelon,24.93
103.48,19.42,51.94,33.1,84.82,6.52,69.25,watermelon,10.28
108.94,14.77,50.45,32.75,93.02,6.45,73.1,watermelon,25.31
106.97,23.1,57.83,26.11,91.99,6.13,61.07,watermelon,26.17
100.66,20.86,59.5,31.67,89.7,6.21,73.44,watermelon,14.96
104.78,14.15,50.77,27.55,84.45,6.74,48.99,watermelon,15.9
104.45,19.49,47.1,30.8,81.77,6.31,59.21,watermelon,28.22
107.34,15.14,49.11,32.9,80.08,6.37,81.41,watermelon,18.08
109.04,17.89,57.56,27.15,94.06,6.6,52.67,watermelon,28.71
103.71,20.05,55.54,33.42,81.07,6.03,51.71,watermelon,24.84
105.99,17.97,56.08,32.97,80.89,6.67,66.34,watermelon,27.66
107.17,20.69,54.38,28.09,84.3,6.99,48.82,watermelon,24.89
108.34,20.19,52.52,24.75,87.19,6.57,79.23,watermelon,23.28
103.15,22.11,48.26,33.32,92.08,6.71,65.31,watermelon,19.02
104.9,20.25,50.0,30.85,81.42,6.33,54.7,watermelon,17.67
103.93,21.3,56.63,32.76,93.93,6.14,52.98,watermelon,24.88
107.88,17.57,48.88,24.15,88.51,6.5,63.54,watermelon,15.86
109.76,22.09,47.7,28.93,94.83,6.06,87.16,watermelon,26.3
107.44,16.76,56.72,24.33,92.12,6.92,73.83,watermelon,25.95
102.16,16.3,57.2,28.96,82.17,6.12,55.39,watermelon,24.91
105.59,20.69,49.73,30.76,93.78,6.75,63.31,watermelon,16.26
108.67,23.62,47.93,33.91,94.71,6.88,82.76,watermelon,27.19
102.99,19.36,59.81,32.97,93.55,6.64,68.89,watermelon,12.67
99.77,17.31,51.65,30.67,80.12,6.61,59.32,watermelon,14.0
107.12,23.44,51.22,33.32,80.99,6.36,89.24,watermelon,28.37
102.41,16.43,56.64,28.05,89.21,6.95,67.53,watermelon,18.14
100.07,14.86,57.7,32.16,91.84,6.86,51.21,watermelon,13.39
106.37,14.1,51.02,27.77,88.57,6.58,75.59,watermelon,23.66
101.33,18.74,54.31,26.86,83.22,6.03,58.67,watermelon,11.12
105.78,19.44,55.86,24.32,85.25,6.89,86.63,watermelon,17.9
100.44,23.2,45.89,32.22,89.62,6.2,62.15,watermelon,11.78
104.11,21.21,50.1,26.29,87.19,6.38,61.68,watermelon,28.82
108.42,21.22,59.55,29.67,89.04,6.89,89.53,watermelon,16.43
100.62,20.5,53.08,33.94,83.21,6.79,54.09,watermelon,22.57
98.33,21.22,49.29,29.31,85.14,6.43,51.4,watermelon,16.17
98.53,21.63,52.41,30.14,80.19,6.63,73.24,watermelon,20.41
103.2,16.01,55.56,28.28,83.2,6.91,85.08,watermelon,14.48
99.01,20.02,45.25,30.58,84.4,6.92,70.64,watermelon,28.89
107.0,20.15,54.98,33.53,80.33,6.56,47.28,watermelon,18.6
109.96,19.65,53.76,27.75,92.88,6.71,89.45,watermelon,14.66
106.82,14.79,54.96,29.22,89.41,6.36,75.42,watermelon,16.34
107.3,15.01,52.71,32.88,92.98,6.19,69.45,watermelon,14.45
108.37,19.13,57.35,30.21,85.87,6.28,84.53,watermelon,12.92
102.22,13.91,54.44,34.29,94.89,6.4,29.24,muskmelon,10.33
102.88,12.83,48.86,33.37,95.18,6.86,32.92,muskmelon,19.48
108.12,10.04,48.95,29.73,92.29,6.84,24.54,muskmelon,13.14
105.89,13.53,52.97,29.29,90.13,6.44,21.37,muskmelon,8.58
104.85,16.82,54.72,36.78,94.19,6.72,30.86,muskmelon,10.86
107.06,18.26,52.31,35.48,90.45,6.0,31.37,muskmelon,12.94
95.68,10.15,53.65,32.43,93.34,6.88,32.31,muskmelon,19.87
107.88,14.26,48.99,35.14,90.39,6.24,23.68,muskmelon,11.65
102.62,10.2,48.62,28.06,95.56,6.49,30.41,muskmelon,13.64
104.36,11.98,58.38,37.35,95.75,6.4,30.52,muskmelon,12.22
100.15,16.32,57.51,37.55,94.97,6.36,31.84,muskmelon,14.94
98.02,15.06,54.07,35.19,94.98,6.88,27.23,muskmelon,14.9
108.38,16.46,59.32,37.12,96.87,6.93,26.79,muskmelon,9.39
106.75,16.48,55.32,32.34,97.38,6.57,29.44,muskmelon,15.62
107.58,10.85,51.14,30.22,94.62,6.15,25.29,muskmelon,9.49
107.13,12.86,59.24,37.05,95.63,6.51,32.9,muskmelon,10.11
98.66,11.44,59.71,30.98,94.16,6.33,32.36,muskmelon,16.86
98.84,19.31,55.8,30.38,93.84,6.59,27.13,muskmelon,15.02
97.77,17.06,56.67,33.4,90.49,6.61,21.7,muskmelon,16.76
102.72,15.35,50.98,33.26,92.34,6.71,28.35,muskmelon,8.19
100.78,13.67,48.36,29.21,93.87,6.03,20.69,muskmelon,10.99
107.7,14.41,52.7,33.95,97.14,6.74,27.12,muskmelon,9.12
98.68,12.86,50.83,35.38,97.87,6.98,23.37,muskmelon,8.02
104.57,18.08,50.42,28.7,92.81,6.82,25.64,muskmelon,11.38
96.61,12.83,54.98,37.64,90.69,7.0,31.88,muskmelon,10.95
103.56,14.21,55.49,31.38,92.53,6.99,31.46,muskmelon,10.4
105.33,16.38,50.54,31.57,91.61,6.75,28.96,muskmelon,8.01
95.2,13.14,50.13,36.42,93.51,6.55,26.37,muskmelon,14.93
100.39,11.21,57.37,33.3,91.68,6.88,26.3,muskmelon,12.07
106.54,19.27,55.22,37.61,91.59,6.23,31.05,muskmelon,13.43
95.22,18.57,49.24,31.17,94.18,6.96,28.02,muskmelon,14.21
99.4,14.41,53.48,32.65,91.99,6.67,26.1,muskmelon,9.27
101.38,16.02,49.38,32.86,95.66,6.92,27.6,muskmelon,9.63
102.77,13.39,54.94,35.96,92.3,6.82,32.11,muskmelon,11.75
103.98,12.81,56.2,36.83,93.7,6.12,21.07,muskmelon,18.67
97.01,18.35,50.63,35.84,96.7,6.43,31.88,muskmelon,9.58
102.44,12.2,56.13,31.11,90.44,6.61,31.44,muskmelon,13.23
106.33,11.14,50.7,33.59,95.38,6.49,29.4,muskmelon,10.79
102.68,16.0,55.17,33.96,97.59,6.74,20.07,muskmelon,16.57
106.82,15.04,55.16,31.84,97.55,6.15,33.12,muskmelon,19.67
98.27,13.61,52.38,31.13,97.99,6.18,21.06,muskmelon,16.45
105.91,16.16,52.27,31.79,97.3,6.16,33.74,muskmelon,16.91
96.4,10.89,52.7,36.73,97.58,6.11,20.96,muskmelon,15.68
102.63,15.54,56.98,37.97,90.33,6.37,23.61,muskmelon,18.25
104.37,12.29,58.66,34.15,96.62,6.87,31.12,muskmelon,15.55
108.81,12.87,52.28,33.11,97.68,6.46,25.36,muskmelon,10.03
98.52,10.86,58.72,34.47,92.01,6.23,28.41,muskmelon,15.74
102.1,18.04,55.47,28.29,96.34,6.73,29.77,muskmelon,19.35
98.09,15.25,51.32,31.55,96.53,6.46,20.21,muskmelon,12.6
100.83,17.72,49.08,36.07,94.01,6.5,20.54,muskmelon,12.31
109.79,13.43,54.15,34.03,96.87,6.46,32.63,muskmelon,13.21
101.24,10.74,48.48,35.08,94.27,6.03,26.0,muskmelon,10.6
107.68,10.34,57.19,30.54,97.01,6.18,22.46,muskmelon,16.29
99.76,10.18,53.42,33.97,92.97,6.22,27.17,muskmelon,8.32
109.49,12.4,48.31,33.16,97.65,6.87,28.63,muskmelon,12.97
104.27,13.22,52.1,35.17,90.38,6.4,28.37,muskmelon,10.52
105.33,11.04,58.76,35.57,97.31,6.07,30.45,muskmelon,15.5
98.5,18.63,50.22,31.45,95.69,6.14,24.73,muskmelon,19.42
106.02,17.44,53.66,32.32,90.87,6.52,26.13,muskmelon,12.23
96.59,19.06,48.64,33.88,92.12,6.58,29.72,muskmelon,13.28
95.49,11.02,57.42,32.81,90.55,6.86,28.97,muskmelon,19.92
100.1,12.88,57.41,35.98,94.17,6.42,29.02,muskmelon,9.69
109.05,12.91,48.08,37.63,90.51,6.33,26.78,muskmelon,19.56
95.59,17.65,59.93,36.02,95.85,6.37,23.93,muskmelon,14.87
95.19,18.22,54.69,31.97,97.72,6.08,20.99,muskmelon,9.56
108.03,15.63,57.26,33.55,92.81,6.91,20.51,muskmelon,8.15
98.72,19.61,57.03,30.29,94.95,6.76,31.27,muskmelon,9.71
104.85,11.55,56.02,30.75,92.97,6.63,34.24,muskmelon,10.13
103.68,14.49,50.49,35.83,92.65,6.01,32.27,muskmelon,19.8
105.99,16.14,48.65,28.28,97.75,6.83,23.2,muskmelon,18.3
97.03,19.24,55.44,29.92,97.37,6.97,21.08,muskmelon,14.58
95.54,17.44,48.76,31.17,95.81,6.38,20.46,muskmelon,12.91
108.28,10.37,48.12,28.05,91.13,6.47,24.82,muskmelon,14.54
106.16,18.61,50.36,33.09,94.36,6.28,33.64,muskmelon,17.49
99.97,15.67,57.4,31.04,94.21,6.91,30.37,muskmelon,13.32
100.17,11.82,54.4,28.42,92.55,6.22,23.11,muskmelon,18.39
96.13,11.34,52.93,33.3,94.07,6.31,27.51,muskmelon,18.11
98.18,17.78,48.04,29.66,90.16,6.31,25.29,muskmelon,11.52
102.8,10.46,51.91,33.13,90.09,6.58,27.6,muskmelon,19.2
98.28,10.97,49.41,35.8,94.1,6.73,25.39,muskmelon,12.01
103.17,11.99,52.03,37.34,91.84,6.83,22.55,muskmelon,16.43
103.68,19.03,59.08,28.48,94.66,6.38,24.2,muskmelon,11.88
109.66,14.84,51.59,36.8,93.82,6.37,29.49,muskmelon,19.97
106.87,12.14,53.89,31.69,96.71,6.13,32.62,muskmelon,14.72
109.15,11.16,53.03,32.83,93.51,6.27,34.26,muskmelon,15.67
99.33,18.04,57.38,35.34,91.46,6.11,30.5,muskmelon,11.32
101.28,12.2,57.1,33.22,97.67,6.68,27.58,muskmelon,11.88
106.02,18.98,48.58,31.37,96.21,6.28,33.02,muskmelon,11.61
99.36,12.51,51.88,34.93,90.31,6.69,27.41,muskmelon,17.98
96.77,12.42,58.39,35.17,97.84,6.13,24.51,muskmelon,19.43
106.17,19.18,49.14,33.33,90.42,6.91,26.3,muskmelon,14.96
96.6,16.64,49.0,30.35,97.68,6.62,32.92,muskmelon,14.45
104.75,13.41,54.23,32.46,96.88,6.05,31.61,muskmelon,14.25
106.33,16.73,59.29,34.34,91.81,6.47,26.74,muskmelon,17.91
103.31,15.59,52.92,34.34,92.78,6.8,33.67,muskmelon,15.82
97.22,15.45,54.05,33.32,96.76,6.7,28.57,muskmelon,17.78
99.44,18.49,49.64,32.11,91.95,6.3,30.95,muskmelon,19.87
102.18,16.05,54.85,36.12,96.04,6.75,23.79,muskmelon,19.33
96.34,14.47,50.81,29.41,94.21,6.13,33.64,muskmelon,12.35
99.25,15.82,57.01,28.61,93.75,6.22,20.21,muskmelon,18.48
4.14,4.09,206.11,14.23,91.39,7.09,181.46,apple,5.51
0.47,1.8,199.13,13.11,93.49,6.73,195.53,apple,12.42
2.88,4.62,203.4,17.55,95.2,5.58,140.65,apple,13.98
3.01,0.0,202.54,13.0,92.43,6.84,149.72,apple,9.67
5.7,9.15,206.03,16.5,94.75,6.28,184.14,apple,14.26
4.68,9.61,205.57,17.16,92.61,6.03,149.41,apple,12.13
0.14,9.86,206.58,17.27,93.08,7.16,172.71,apple,14.25
6.46,6.65,208.1,13.91,94.58,7.05,122.27,apple,12.14
1.34,5.65,206.84,13.25,95.32,6.58,170.8,apple,6.01
0.86,2.19,204.85,16.59,97.86,6.65,130.14,apple,10.36
3.34,4.03,198.94,14.11,93.99,6.62,107.71,apple,12.62
2.57,6.15,199.45,14.0,95.5,7.4,119.92,apple,7.26
6.22,1.1,203.97,17.53,90.37,6.39,179.8,apple,14.18
2.24,1.58,199.39,12.62,93.92,6.72,129.15,apple,14.91
5.85,2.3,200.61,17.55,97.29,7.29,134.5,apple,6.68
7.84,8.54,205.07,16.28,97.16,5.58,186.6,apple,8.03
0.46,5.63,206.19,16.22,94.51,5.8,155.98,apple,6.43
7.01,9.21,206.0,17.08,96.42,6.25,172.14,apple,12.36
4.66,0.29,205.37,16.31,96.68,5.8,183.42,apple,12.86
2.6,4.52,206.19,14.73,96.2,6.02,168.68,apple,9.82
6.72,1.33,208.92,12.4,95.16,7.27,155.61,apple,14.65
6.92,7.94,206.51,16.45,94.07,6.89,198.09,apple,6.52
7.25,7.59,199.36,15.78,97.49,5.52,137.16,apple,10.9
7.49,9.08,199.94,16.94,90.2,6.25,111.38,apple,9.13
7.01,9.71,204.92,13.78,92.73,5.51,106.38,apple,6.94
5.75,4.27,199.93,16.39,95.94,7.14,199.91,apple,12.62
4.9,3.25,205.48,16.52,94.11,6.59,146.31,apple,11.68
7.01,7.02,199.32,16.9,92.29,7.26,144.07,apple,8.96
7.3,9.63,202.31,17.79,97.24,5.85,154.82,apple,11.69
3.61,1.37,207.43,13.37,96.47,6.97,172.84,apple,13.0
2.41,9.45,205.69,12.72,94.77,7.36,111.42,apple,10.7
3.21,3.16,207.63,16.27,92.28,5.71,130.39,apple,10.44
2.49,9.6,204.64,13.16,97.34,6.28,128.81,apple,14.58
5.75,2.05,203.92,14.17,96.82,7.42,116.96,apple,13.2
6.48,8.72,205.55,14.66,96.93,6.8,129.87,apple,8.49
1.79,7.63,198.22,17.67,92.26,7.36,117.37,apple,8.76
1.67,9.64,198.78,13.69,90.02,7.37,127.82,apple,13.21
1.33,7.31,207.33,16.91,93.08,6.01,148.09,apple,8.89
4.45,1.5,206.23,16.7,91.15,7.4,107.1,apple,12.39
6.15,3.41,208.14,16.48,95.43,5.5,120.98,apple,10.83
5.25,6.49,207.79,16.16,94.55,5.77,133.36,apple,12.26
7.03,7.12,203.19,16.4,92.36,6.29,101.22,apple,12.27
0.73,8.31,203.43,12.87,90.84,5.64,100.26,apple,10.28
7.62,9.33,199.8,17.44,93.38,5.71,191.26,apple,6.0
5.79,2.56,204.67,15.91,94.37,6.1,122.11,apple,8.54
1.99,4.55,202.12,17.82,96.49,7.4,166.25,apple,12.42
3.7,9.61,209.47,15.85,90.49,6.47,148.98,apple,12.73
2.55,0.62,206.97,17.93,90.17,7.15,164.08,apple,13.33
5.71,5.87,209.91,13.57,93.05,7.22,146.27,apple,5.14
5.3,7.98,202.09,14.62,90.17,6.67,178.8,apple,9.45
2.59,8.13,209.96,14.23,95.37,5.88,165.98,apple,10.87
7.2,1.58,200.04,17.09,96.46,6.93,118.78,apple,10.53
2.4,0.22,203.67,15.53,94.43,5.95,128.73,apple,7.48
7.8,9.57,206.64,12.18,96.37,6.61,132.62,apple,6.71
4.05,5.33,200.16,13.54,92.18,7.41,184.08,apple,5.96
2.03,7.12,201.78,16.73,93.78,6.92,142.41,apple,11.07
2.67,6.6,201.53,17.08,94.06,5.78,167.81,apple,10.17
3.48,6.09,200.44,16.22,94.67,6.77,171.26,apple,11.33
6.75,5.3,209.21,14.57,97.96,5.86,131.91,apple,8.35
4.5,3.64,205.8,13.24,92.48,6.95,125.79,apple,5.25
3.32,6.03,201.98,17.59,92.57,5.91,144.76,apple,6.43
3.24,8.21,198.04,13.0,95.42,6.51,122.09,apple,12.49
2.53,3.46,206.89,12.35,95.1,5.78,117.89,apple,11.66
2.4,4.15,202.37,13.58,90.35,7.29,154.21,apple,13.32
1.27,4.85,207.62,12.27,91.49,6.01,197.59,apple,12.49
5.46,7.73,199.83,16.75,96.45,6.21,123.42,apple,10.54
2.11,6.04,207.88,17.29,90.09,7.4,174.62,apple,5.13
1.74,5.19,199.53,14.3,96.33,7.2,126.57,apple,6.08
1.96,3.17,204.31,12.27,96.06,7.22,166.89,apple,8.17
2.8,7.21,202.69,16.24,91.13,6.21,176.42,apple,11.19
4.95,6.99,205.18,15.86,94.79,7.14,124.24,apple,7.58
7.14,6.43,199.21,16.84,93.16,6.81,162.27,apple,12.19
2.39,2.92,206.71,12.94,91.24,6.29,104.66,apple,7.06
6.88,4.45,206.36,12.2,95.23,7.22,160.44,apple,13.6
2.01,4.5,200.78,12.56,97.71,5.6,198.43,apple,12.94
2.63,4.53,203.91,13.39,96.85,6.56,195.25,apple,12.91
3.42,0.03,208.18,17.76,96.86,7.45,187.81,apple,6.42
2.07,7.85,202.86,16.47,95.36,5.74,107.24,apple,9.14
4.09,5.18,202.06,13.73,94.06,6.61,174.21,apple,14.61
5.3,9.25,208.84,14.47,92.64,6.05,118.6,apple,9.03
5.19,8.31,209.01,12.91,95.95,6.38,193.74,apple,11.6
1.63,5.09,209.2,15.65,97.69,6.47,152.16,apple,12.12
1.68,3.56,202.8,15.08,94.91,6.62,145.24,apple,14.27
0.05,9.0,202.66,15.11,90.66,5.62,149.61,apple,5.31
6.67,9.15,208.25,15.04,92.53,7.38,158.01,apple,10.74
0.4,8.58,208.0,12.73,92.37,6.09,191.56,apple,8.35
3.18,8.1,199.81,16.88,91.82,5.81,143.02,apple,14.58
6.76,1.94,204.02,17.61,92.43,5.89,181.51,apple,5.57
1.46,5.51,205.82,14.6,90.6,6.09,186.44,apple,5.77
6.56,2.91,198.09,14.69,93.99,6.31,136.01,apple,9.69
5.88,3.51,205.4,14.83,93.51,6.83,157.05,apple,13.92
1.36,2.62,200.67,16.95,91.05,5.77,129.56,apple,14.37
4.57,2.35,200.68,12.53,91.69,5.67,192.98,apple,13.8
1.0,5.36,209.76,17.36,96.95,5.99,143.3,apple,10.54
2.97,9.87,202.16,15.28,92.58,6.66,199.96,apple,7.57
5.94,0.37,209.49,14.66,94.57,6.08,161.24,apple,8.75
7.59,8.94,199.39,17.7,92.83,6.57,187.67,apple,10.39
4.04,2.6,203.19,12.55,90.03,6.26,182.87,apple,11.96
4.83,5.47,208.61,14.29,93.12,6.62,190.02,apple,7.06
3.27,3.84,206.49,15.05,95.84,7.4,130.6,apple,5.65
9.85,13.76,11.1,14.88,94.5,6.51,88.33,orange,16.99
3.33,14.61,8.12,15.52,90.64,6.98,96.49,orange,13.49
8.4,18.7,11.32,18.93,94.51,6.88,75.3,orange,13.65
4.31,17.41,14.66,18.95,92.21,7.29,101.75,orange,11.44
0.96,14.99,14.23,23.31,95.12,6.08,114.96,orange,6.66
1.89,16.51,12.64,20.19,94.8,7.36,105.17,orange,7.1
3.76,10.49,14.19,14.62,94.77,6.24,102.43,orange,14.32
6.49,18.34,14.93,24.91,91.75,6.16,95.9,orange,9.76
1.81,12.86,9.7,19.71,93.07,7.22,81.46,orange,11.87
3.26,18.27,14.43,14.66,96.01,6.05,114.22,orange,7.81
7.22,16.11,12.25,18.62,95.39,7.1,109.33,orange,10.41
9.06,17.65,8.57,12.19,94.84,6.15,104.75,orange,6.85
4.26,13.27,10.56,12.86,91.3,6.95,113.64,orange,11.9
8.04,18.69,11.25,21.86,92.04,7.5,77.91,orange,14.99
7.98,15.44,12.59,20.93,91.65,6.05,108.93,orange,9.24
6.22,10.32,12.01,16.36,90.44,6.42,103.37,orange,16.04
4.91,10.25,14.17,19.8,94.19,7.4,97.44,orange,11.67
0.11,11.54,10.09,12.5,90.54,6.91,83.75,orange,9.31
8.81,17.18,14.21,16.3,97.68,6.85,113.36,orange,17.91
9.48,17.78,10.13,13.55,91.93,7.45,87.69,orange,15.19
1.35,12.93,11.21,17.49,97.96,7.13,103.11,orange,9.7
5.25,10.81,7.95,14.04,93.51,6.71,107.77,orange,14.1
9.28,10.25,9.86,13.98,96.57,6.48,89.81,orange,7.87
9.83,13.78,7.28,20.15,90.83,6.35,93.07,orange,15.73
9.59,17.41,12.93,24.65,94.18,6.82,92.66,orange,17.21
2.43,17.72,14.31,14.34,96.43,6.57,75.65,orange,8.6
6.02,11.57,10.81,22.85,95.17,6.19,89.31,orange,6.48
7.48,13.49,9.18,24.39,91.69,6.46,93.66,orange,11.53
3.52,14.22,9.29,15.23,97.15,7.28,100.56,orange,15.58
3.29,19.35,9.4,11.15,91.24,6.18,93.0,orange,11.41
4.69,13.57,14.59,17.19,95.35,7.39,78.18,orange,16.43
1.41,17.59,12.88,18.26,97.83,6.7,106.87,orange,13.71
8.27,18.23,14.29,13.32,96.15,6.09,103.19,orange,17.83
6.82,10.22,13.63,13.09,93.36,6.02,100.67,orange,10.21
0.82,14.24,7.09,17.77,90.2,7.36,112.12,orange,7.78
8.06,11.38,14.52,16.94,96.26,7.4,79.32,orange,8.53
0.52,19.92,14.36,22.98,90.45,7.42,88.01,orange,6.27
5.82,12.91,7.31,17.95,95.37,6.98,111.1,orange,12.14
6.76,13.48,12.73,15.52,95.15,7.35,100.97,orange,13.03
3.54,19.66,9.22,10.04,95.79,6.05,108.47,orange,14.99
9.04,18.3,7.21,16.21,97.73,7.35,97.02,orange,9.29
4.57,17.52,7.14,19.49,92.73,7.25,99.69,orange,9.63
6.56,13.38,14.52,21.04,90.28,6.96,108.14,orange,8.99
8.88,14.32,14.36,10.58,94.89,6.21,106.76,orange,14.98
8.12,13.84,7.69,15.17,93.31,6.93,96.61,orange,10.66
7.96,13.06,9.12,22.02,95.22,7.01,85.95,orange,17.59
3.19,14.37,7.21,21.08,97.86,7.12,104.17,orange,15.57
7.34,11.75,8.28,13.09,91.46,7.31,96.82,orange,9.25
4.82,13.92,11.42,13.16,94.59,6.93,81.5,orange,13.58
9.9,14.04,12.52,16.84,96.57,6.93,78.81,orange,15.93
8.84,14.79,7.4,19.62,96.26,7.35,81.67,orange,13.87
1.83,10.06,13.91,11.75,97.48,7.24,107.51,orange,10.21
5.53,10.24,13.4,12.54,90.47,6.73,80.9,orange,16.45
3.66,16.11,13.3,10.83,97.58,6.2,107.06,orange,13.79
0.03,17.19,8.5,18.5,92.23,6.98,85.42,orange,11.4
7.59,11.72,10.61,23.91,91.31,7.3,107.75,orange,7.6
8.81,18.94,9.43,11.98,96.06,7.07,105.69,orange,8.51
1.22,17.31,7.05,21.07,91.74,7.28,84.06,orange,17.5
1.58,15.88,14.12,11.33,91.27,7.44,76.38,orange,13.75
3.09,14.0,13.64,22.59,91.71,7.4,108.28,orange,8.7
7.12,14.9,13.01,12.52,91.65,6.53,82.45,orange,11.2
7.89,15.3,7.34,23.05,96.42,7.16,101.66,orange,17.56
5.54,15.81,14.38,23.02,97.91,6.69,101.75,orange,7.22
6.3,19.51,14.26,16.01,91.6,6.24,106.49,orange,8.45
0.44,18.77,11.49,17.84,97.62,6.23,88.53,orange,13.52
3.16,17.7,9.83,11.28,97.7,6.96,77.39,orange,15.15
5.74,13.59,10.8,15.57,92.69,7.33,105.48,orange,14.41
7.95,13.55,7.05,16.17,95.11,6.71,100.98,orange,8.15
0.69,11.28,11.51,21.17,97.42,7.32,104.2,orange,10.5
9.71,13.37,9.32,18.43,95.78,6.55,84.11,orange,16.91
8.65,10.8,7.7,24.38,96.32,6.54,112.04,orange,10.6
4.75,12.12,7.72,12.79,97.72,7.42,112.43,orange,8.02
5.82,19.81,9.82,10.01,95.73,7.4,86.94,orange,17.8
8.7,15.45,12.41,19.61,97.54,7.29,104.18,orange,9.13
0.45,19.22,9.35,17.94,97.82,6.3,87.88,orange,8.56
6.41,16.61,9.04,18.04,91.71,6.94,76.76,orange,12.9
6.44,12.24,10.15,16.61,96.97,6.82,78.47,orange,7.26
1.64,16.27,14.21,18.74,97.13,6.02,82.78,orange,6.44
5.95,18.13,13.82,11.57,92.97,6.01,86.47,orange,7.12
6.03,19.04,13.45,20.04,96.26,6.45,76.88,orange,14.58
3.07,18.62,14.57,22.44,91.62,7.33,110.44,orange,13.12
9.4,14.06,9.7,13.41,92.13,6.35,98.95,orange,11.14
8.36,11.06,11.92,22.85,97.79,7.17,111.12,orange,14.81
7.3,15.81,8.12,22.01,92.27,7.37,94.37,orange,9.83
1.94,17.35,7.34,14.97,97.16,6.06,95.12,orange,6.4
1.86,19.22,11.72,10.73,93.09,7.07,96.71,orange,6.14
0.35,18.5,7.29,23.42,93.44,6.6,78.23,orange,12.56
3.15,17.94,10.42,20.87,93.14,6.55,87.79,orange,10.67
9.93,12.74,11.64,11.13,94.11,6.24,109.9,orange,10.62
1.93,19.09,10.5,12.59,94.88,7.01,98.18,orange,17.89
1.6,18.29,10.0,13.47,90.55,6.21,109.02,orange,13.21
8.06,14.47,13.64,14.31,94.54,6.87,85.7,orange,11.99
2.82,11.38,8.92,23.38,96.45,6.43,99.78,orange,13.31
9.05,15.44,14.37,13.58,92.48,7.17,111.55,orange,6.92
1.44,17.32,14.92,10.33,90.06,6.89,108.36,orange,8.95
4.64,17.88,7.0,21.01,91.31,6.58,106.02,orange,17.7
0.71,17.97,10.93,10.02,93.5,6.79,97.21,orange,6.28
1.82,18.81,14.9,23.33,96.74,6.08,90.14,orange,16.59
6.44,16.62,9.97,16.5,91.77,6.49,93.1,orange,6.31
4.48,11.69,7.09,16.12,94.6,6.34,110.89,orange,14.11
51.73,58.3,57.93,39.82,92.75,6.74,191.78,papaya,28.49
49.5,58.28,48.35,30.22,90.0,6.82,183.11,papaya,42.17
59.04,50.44,54.48,34.01,92.98,7.14,180.09,papaya,15.66
50.52,57.55,55.13,36.05,95.66,7.44,173.5,papaya,36.23
53.57,58.13,51.0,32.53,94.01,6.93,128.49,papaya,15.52
49.36,57.98,52.47,25.27,90.17,6.79,133.44,papaya,27.25
50.62,55.13,53.6,37.07,96.3,6.61,188.64,papaya,23.9
49.38,58.29,59.63,36.44,92.37,6.72,148.95,papaya,37.63
56.01,51.9,54.71,39.34,96.25,6.8,151.22,papaya,49.99
59.23,59.08,56.68,37.57,95.57,6.69,178.31,papaya,25.06
50.89,57.2,51.31,31.91,91.64,7.17,179.64,papaya,17.59
54.83,52.36,51.13,30.92,90.42,6.73,125.5,papaya,42.62
48.25,56.2,54.76,35.0,93.57,7.29,165.95,papaya,47.73
53.86,59.93,49.34,35.11,95.16,7.24,173.15,papaya,25.82
53.41,57.41,49.41,27.81,91.56,6.72,144.96,papaya,29.6
49.45,52.91,51.42,35.16,95.25,6.98,145.82,papaya,45.98
53.95,53.02,53.53,30.66,97.22,6.6,150.0,papaya,49.27
51.69,57.18,53.78,38.01,91.98,6.52,168.22,papaya,25.79
59.11,56.71,48.31,28.93,93.43,6.8,138.75,papaya,43.6
52.42,56.24,50.84,33.32,92.21,6.62,129.45,papaya,34.71
48.96,55.8,58.96,39.51,91.37,6.69,177.18,papaya,45.06
52.6,55.51,54.81,32.13,93.55,7.27,154.5,papaya,29.27
58.34,50.63,56.12,38.68,93.77,6.6,146.27,papaya,29.45
57.38,50.82,58.03,25.07,91.5,7.47,135.04,papaya,16.64
51.31,53.18,51.98,31.47,94.78,6.82,183.71,papaya,42.88
48.77,59.78,53.08,26.1,95.18,6.86,122.71,papaya,32.49
56.71,59.93,58.5,34.1,94.76,6.59,183.33,papaya,37.17
55.82,58.7,56.09,35.63,92.44,6.86,199.72,papaya,23.5
57.57,53.16,53.56,35.02,93.84,6.71,139.19,papaya,15.58
50.88,57.92,55.33,37.36,96.18,6.94,173.75,papaya,42.82
57.27,57.46,57.73,35.25,91.03,7.17,130.74,papaya,37.77
51.95,58.97,56.96,34.38,94.26,7.05,154.87,papaya,16.66
58.65,53.2,59.43,30.99,93.23,6.97,146.79,papaya,30.61
48.52,56.13,49.99,27.81,92.89,7.03,150.95,papaya,15.86
57.14,52.17,50.26,30.22,93.2,6.6,136.45,papaya,30.93
55.82,51.21,52.79,34.68,96.98,7.35,153.76,papaya,39.01
50.44,58.65,56.3,28.86,92.11,6.87,194.99,papaya,18.05
49.58,51.86,58.11,28.83,90.1,7.16,124.67,papaya,36.84
57.24,56.49,57.69,25.3,97.33,6.7,156.63,papaya,23.69
48.12,55.44,48.23,32.85,95.98,7.49,122.69,papaya,42.85
58.24,58.2,50.46,33.23,91.5,7.09,183.03,papaya,43.84
55.28,56.91,57.08,29.59,90.23,6.55,193.43,papaya,31.88
58.01,56.54,54.68,38.9,97.99,7.42,130.64,papaya,38.68
57.83,57.26,52.13,29.68,97.5,7.23,153.9,papaya,38.86
49.0,56.62,50.94,31.92,97.99,6.83,198.41,papaya,44.55
55.84,53.87,59.85,37.67,92.74,6.96,166.43,papaya,45.81
51.45,50.74,56.19,31.38,97.4,6.53,167.72,papaya,32.37
55.89,53.31,54.89,26.35,94.1,7.19,152.6,papaya,28.19
59.91,52.72,53.87,33.82,95.33,6.83,196.89,papaya,21.68
56.9,53.38,49.29,32.9,95.02,6.71,167.72,papaya,22.37
57.5,54.51,52.76,30.02,90.74,7.48,156.55,papaya,28.14
58.52,59.24,52.08,28.43,97.51,7.39,123.71,papaya,43.47
58.93,53.67,50.11,25.24,91.83,7.27,156.32,papaya,19.93
57.38,56.39,56.85,39.56,91.27,6.61,137.71,papaya,32.35
51.52,53.72,54.49,31.12,93.39,7.32,173.07,papaya,27.29
53.83,58.18,57.48,36.49,90.51,7.21,154.62,papaya,33.13
53.34,50.68,53.62,33.91,94.32,7.1,168.52,papaya,32.54
54.92,54.26,52.78,32.46,94.22,6.68,171.55,papaya,44.81
50.45,57.49,54.95,25.08,94.64,6.81,142.88,papaya,23.18
57.34,59.2,55.77,28.09,92.41,6.64,152.01,papaya,31.67
58.74,55.52,56.56,25.42,92.9,7.2,192.64,papaya,47.23
57.39,55.18,51.57,39.61,91.22,6.57,172.43,papaya,36.18
57.01,59.85,58.98,38.39,90.94,6.95,139.34,papaya,37.16
49.13,51.45,48.37,35.88,91.06,7.08,128.73,papaya,29.47
49.93,59.48,49.64,37.48,92.22,7.2,121.93,papaya,18.69
57.5,55.41,58.16,31.31,93.78,7.08,189.76,papaya,28.96
49.0,54.35,56.33,31.99,90.22,7.07,140.23,papaya,41.63
49.07,51.62,53.28,33.95,91.88,7.12,151.21,papaya,48.29
51.88,53.42,58.08,26.47,96.75,7.24,195.93,papaya,18.74
56.31,54.72,53.25,33.22,91.14,7.02,146.66,papaya,19.44
48.92,51.24,54.66,38.48,96.7,7.34,128.38,papaya,42.75
59.89,50.16,56.63,27.58,92.34,7.26,156.44,papaya,27.64
54.09,50.14,49.94,29.98,96.94,7.07,190.05,papaya,45.73
55.59,50.62,53.11,30.09,95.03,6.93,167.77,papaya,25.79
59.36,52.72,55.08,27.69,92.02,6.92,177.75,papaya,15.92
55.73,59.36,53.17,25.66,91.61,6.92,150.29,papaya,31.22
56.44,50.38,49.63,25.06,97.49,6.85,130.38,papaya,34.05
49.44,57.13,59.88,31.63,94.81,7.12,144.34,papaya,36.84
51.42,50.19,57.01,32.59,92.0,6.56,190.79,papaya,43.16
51.01,52.72,55.11,29.91,97.79,6.85,164.53,papaya,22.32
52.66,58.65,59.06,32.35,95.86,7.41,151.26,papaya,46.24
51.92,56.38,56.59,32.0,92.49,7.04,120.19,papaya,27.42
51.96,58.54,59.12,35.79,96.2,6.7,147.39,papaya,37.59
48.71,58.69,58.35,38.56,94.79,7.48,137.47,papaya,15.43
59.87,58.65,56.57,31.53,92.76,7.39,166.36,papaya,19.35
59.43,56.8,54.01,34.15,95.43,7.13,166.82,papaya,31.74
50.38,50.89,49.69,39.89,97.35,6.96,164.75,papaya,26.65
51.95,52.33,57.14,31.57,91.9,6.81,183.66,papaya,19.32
58.76,52.16,59.45,30.83,96.06,6.76,186.83,papaya,27.22
52.85,59.41,50.12,30.59,96.91,6.74,170.84,papaya,42.85
49.15,54.75,50.18,39.58,94.03,6.51,183.23,papaya,38.18
50.8,51.49,52.7,27.15,97.72,6.93,129.93,papaya,49.91
48.46,57.62,49.28,30.58,96.12,7.1,181.24,papaya,38.58
59.77,53.82,57.26,29.18,91.07,6.72,162.03,papaya,17.49
58.22,58.98,56.99,37.58,91.62,7.11,132.14,papaya,20.51
53.34,59.06,54.73,31.47,91.43,6.55,149.0,papaya,17.68
55.67,56.99,53.41,25.17,92.81,7.05,147.14,papaya,40.12
51.88,55.02,59.65,32.73,95.33,6.83,122.82,papaya,28.82
53.51,55.56,53.58,28.1,97.6,7.26,169.65,papaya,26.82
54.36,51.3,54.63,29.95,91.79,6.93,153.24,papaya,36.47
9.62,8.17,31.86,29.16,95.08,7.55,104.61,coconut,99.72
3.69,0.86,39.27,29.3,91.06,6.5,124.74,coconut,57.12
8.15,2.4,40.41,26.07,95.1,5.78,104.54,coconut,51.13
8.76,0.1,41.63,29.33,90.38,7.94,169.83,coconut,91.12
2.98,5.54,41.02,29.69,96.31,5.25,156.8,coconut,49.7
2.23,2.9,28.12,29.53,91.56,5.01,105.18,coconut,58.26
8.53,0.78,28.59,31.13,95.32,6.7,129.88,coconut,68.88
8.91,8.67,28.92,31.76,91.3,5.5,181.1,coconut,54.29
0.34,0.19,35.38,27.58,97.6,6.23,188.95,coconut,88.36
4.51,6.08,41.18,30.5,90.97,7.04,135.25,coconut,39.94
8.25,6.94,29.4,31.03,94.4,7.18,168.76,coconut,99.94
2.34,5.52,28.08,31.8,90.92,5.31,123.27,coconut,92.16
0.15,3.25,30.78,28.01,95.0,7.94,128.62,coconut,30.47
3.35,9.51,36.9,29.61,97.88,7.97,181.59,coconut,74.83
7.87,9.4,29.25,30.82,96.42,5.58,127.66,coconut,33.57
2.39,5.31,29.96,29.36,90.38,7.92,123.82,coconut,52.93
6.04,3.68,37.74,25.04,95.89,5.49,182.2,coconut,61.01
4.65,0.29,30.1,29.86,96.37,5.07,186.7,coconut,84.08
0.88,2.84,28.52,29.62,92.43,5.26,150.73,coconut,57.81
1.01,9.21,34.19,25.45,94.81,5.25,196.72,coconut,97.97
0.32,2.64,41.62,31.77,96.13,7.67,167.5,coconut,51.01
5.19,3.56,32.19,30.53,96.25,7.14,167.75,coconut,57.13
8.82,8.01,33.21,27.54,90.06,6.19,107.68,coconut,69.11
3.75,5.2,36.25,29.25,94.46,6.16,140.04,coconut,89.13
3.19,7.81,37.62,28.57,97.37,7.36,112.58,coconut,49.32
3.11,6.29,29.43,31.68,95.12,5.86,161.13,coconut,33.18
5.64,9.28,37.98,31.58,95.08,5.39,179.67,coconut,71.99
5.29,7.96,33.52,29.62,92.82,6.72,146.18,coconut,57.09
6.19,7.21,37.75,27.75,92.54,7.17,105.43,coconut,89.25
2.71,0.03,32.59,28.38,93.48,5.61,187.28,coconut,96.27
5.64,0.58,28.72,29.41,94.87,5.08,191.76,coconut,80.57
3.36,1.22,37.18,28.6,97.94,7.92,167.46,coconut,80.24
8.05,2.87,37.89,28.99,97.68,5.54,143.18,coconut,34.14
5.26,2.71,30.7,31.97,95.89,7.95,115.54,coconut,74.06
4.7,7.55,33.85,26.41,97.64,7.42,113.8,coconut,83.03
8.16,4.53,32.37,31.45,93.88,5.3,163.78,coconut,33.98
3.15,7.09,38.24,27.15,95.41,5.4,150.86,coconut,61.36
1.98,3.35,34.11,26.87,91.26,6.7,156.4,coconut,87.29
0.8,3.21,37.48,30.23,96.01,5.93,103.57,coconut,41.01
8.55,1.39,39.04,31.66,96.21,5.61,131.18,coconut,93.25
9.7,2.4,36.46,28.55,91.69,7.19,104.89,coconut,87.15
4.36,0.68,35.53,31.17,93.59,5.75,192.06,coconut,37.95
5.73,5.64,38.03,26.13,96.45,5.32,115.69,coconut,33.92
1.14,9.58,33.66,26.16,94.19,6.25,198.51,coconut,37.02
2.77,5.5,40.76,25.63,94.67,5.17,174.82,coconut,33.32
8.0,0.46,38.21,25.95,97.53,6.67,199.87,coconut,69.61
6.25,0.2,38.11,27.41,97.99,5.17,103.88,coconut,96.66
3.15,9.53,40.85,26.39,90.34,6.19,186.71,coconut,52.19
9.05,9.15,37.67,27.99,91.9,7.77,119.84,coconut,89.81
5.92,1.34,32.58,30.23,97.41,6.52,106.18,coconut,60.68
4.71,6.45,35.94,30.41,93.09,6.88,194.46,coconut,98.1
8.8,5.2,39.67,28.64,96.86,7.26,120.7,coconut,40.11
0.43,1.15,38.17,29.82,94.89,5.48,172.25,coconut,69.47
1.26,6.12,30.31,29.03,92.24,5.08,153.44,coconut,64.86
2.64,3.12,39.99,25.71,97.27,6.62,124.1,coconut,38.03
6.48,8.18,29.42,29.01,97.69,6.54,169.87,coconut,46.16
3.49,5.24,38.02,28.42,91.78,6.12,191.55,coconut,64.25
9.22,6.83,30.22,27.48,90.55,7.37,160.88,coconut,95.4
4.64,5.84,41.58,29.42,94.31,6.73,174.78,coconut,88.81
9.99,4.16,34.71,29.6,97.34,6.15,187.6,coconut,74.85
7.27,2.17,41.54,30.97,96.67,7.23,148.85,coconut,68.14
0.49,3.05,29.21,25.24,90.96,7.16,113.87,coconut,96.22
2.3,0.85,31.17,30.75,90.64,6.59,164.08,coconut,64.39
8.64,9.34,41.26,30.06,94.13,5.29,116.27,coconut,79.77
3.87,5.19,29.79,31.53,94.28,5.05,156.66,coconut,32.35
0.42,4.89,32.55,25.12,90.15,6.48,192.46,coconut,44.12
5.64,0.12,30.65,26.29,90.4,6.96,130.24,coconut,68.49
0.43,2.39,29.37,25.06,95.28,5.86,112.98,coconut,32.49
6.82,1.88,29.92,31.91,97.27,7.89,189.42,coconut,96.52
2.58,9.74,37.21,29.2,97.14,5.63,161.43,coconut,73.03
5.99,4.84,35.97,30.3,96.82,6.21,192.6,coconut,95.74
6.58,2.47,40.22,27.44,96.45,6.38,153.53,coconut,40.62
4.46,7.84,30.75,31.85,96.48,5.8,149.63,coconut,60.57
1.15,3.69,40.37,29.12,97.37,5.34,138.15,coconut,44.64
9.03,7.54,40.08,25.84,95.43,5.59,119.31,coconut,32.82
1.61,4.39,34.44,26.71,97.52,5.89,133.18,coconut,87.73
9.51,8.71,30.24,28.57,92.8,6.1,153.19,coconut,63.9
9.84,3.43,35.52,25.21,92.3,6.76,186.82,coconut,83.53
2.79,5.04,28.24,29.47,96.63,5.26,120.32,coconut,59.35
7.56,5.23,40.82,29.46,97.16,7.21,115.78,coconut,63.95
9.0,3.93,30.84,28.07,90.12,6.39,122.26,coconut,30.18
2.17,0.9,40.97,29.67,96.71,6.61,171.2,coconut,62.54
0.16,2.85,37.12,30.79,92.53,5.43,106.07,coconut,87.89
1.15,1.92,39.1,26.49,92.38,7.0,196.37,coconut,30.33
5.67,9.84,32.02,26.53,95.75,7.35,102.62,coconut,33.07
7.71,9.75,39.17,31.61,94.72,6.15,172.92,coconut,87.21
9.19,7.58,41.44,25.33,91.13,6.69,162.83,coconut,46.01
4.29,6.46,30.38,29.96,97.02,6.57,169.02,coconut,79.52
5.85,9.71,36.19,27.93,92.78,6.95,155.18,coconut,66.55
9.57,6.1,40.18,26.86,91.65,6.82,105.31,coconut,94.1
9.38,0.99,28.69,26.69,94.11,6.55,139.52,coconut,49.24
1.65,8.59,40.62,27.31,94.08,7.78,124.87,coconut,57.99
3.1,0.08,34.97,30.49,97.76,6.11,110.49,coconut,76.32
4.72,5.38,39.92,28.43,93.02,6.62,197.97,coconut,70.37
0.37,1.24,40.37,25.26,95.03,5.02,148.51,coconut,67.06
8.26,9.82,36.82,25.85,94.44,5.39,160.48,coconut,74.04
0.84,6.81,33.75,27.96,96.59,7.62,148.76,coconut,51.25
0.37,3.69,40.73,28.85,93.75,5.85,170.76,coconut,68.29
0.35,1.99,37.03,29.92,96.71,7.05,123.32,coconut,67.53
2.83,1.12,28.9,25.48,97.95,6.02,176.41,coconut,68.82
129.13,15.6,22.93,29.1,89.11,7.69,97.27,cotton,0.56
110.85,21.62,18.85,25.6,85.25,7.74,107.29,cotton,0.39
109.35,19.75,26.0,32.28,87.53,6.52,65.73,cotton,0.5
118.91,14.5,25.94,30.17,83.55,7.76,76.74,cotton,0.44
124.04,20.07,22.84,26.41,87.39,6.13,72.2,cotton,0.44
101.42,21.28,24.46,33.05,86.39,7.39,63.87,cotton,0.34
118.41,20.71,20.59,29.05,81.35,7.37,84.68,cotton,0.39
110.54,14.88,25.63,30.11,86.54,7.59,114.06,cotton,0.35
119.76,24.47,22.72,29.04,83.35,6.7,97.62,cotton,0.34
129.55,18.81,24.36,29.84,89.43,6.99,119.76,cotton,0.52
104.5,14.77,25.36,27.14,83.06,6.89,55.87,cotton,0.39
129.21,18.62,21.08,34.45,88.72,6.11,98.7,cotton,0.56
105.59,20.16,24.98,30.31,82.51,7.35,84.86,cotton,0.46
114.58,24.5,19.05,27.44,86.57,7.09,100.6,cotton,0.49
127.95,20.28,23.15,25.6,86.38,6.23,61.15,cotton,0.57
103.59,22.88,23.53,32.68,82.02,6.27,115.94,cotton,0.34
109.26,15.76,25.78,26.31,87.32,7.88,96.24,cotton,0.33
117.86,15.8,25.85,32.87,81.03,7.7,82.72,cotton,0.31
123.82,23.88,23.84,29.35,86.9,7.69,74.18,cotton,0.35
105.17,22.74,23.33,27.1,84.91,7.58,68.49,cotton,0.48
103.46,22.22,25.12,32.33,87.21,7.35,84.04,cotton,0.39
124.43,23.36,19.67,24.55,88.07,6.83,112.16,cotton,0.54
105.46,23.39,23.18,30.23,81.84,6.06,76.38,cotton,0.36
117.27,14.91,23.2,29.02,86.93,7.11,100.35,cotton,0.35
114.87,22.7,19.89,29.84,82.95,6.65,76.45,cotton,0.33
129.02,23.74,19.87,25.3,80.34,6.61,92.87,cotton,0.3
122.68,16.89,18.37,34.16,89.01,6.35,91.75,cotton,0.32
111.53,23.68,19.3,31.47,88.34,8.0,62.76,cotton,0.33
107.07,18.16,23.51,26.84,88.26,7.73,55.1,cotton,0.47
100.22,16.21,19.9,24.62,87.98,7.75,100.65,cotton,0.44
120.52,24.7,20.53,31.85,82.43,7.36,72.62,cotton,0.39
120.18,24.87,20.23,31.35,82.58,6.35,100.24,cotton,0.52
107.06,21.99,21.05,33.87,85.65,6.43,71.17,cotton,0.5
110.09,19.53,22.25,34.75,80.28,7.67,107.52,cotton,0.59
119.3,16.97,23.43,29.33,80.39,7.2,114.46,cotton,0.3
106.88,21.51,19.76,30.02,88.3,7.0,85.84,cotton,0.52
119.48,17.61,18.15,33.6,83.62,7.32,68.46,cotton,0.34
122.44,23.11,20.65,33.85,88.22,7.46,100.13,cotton,0.53
126.88,20.57,20.05,28.21,89.33,7.57,107.32,cotton,0.44
104.98,20.81,25.15,33.56,84.0,7.25,78.94,cotton,0.35
100.48,21.38,24.55,31.22,83.59,7.26,58.72,cotton,0.44
108.31,24.69,24.95,33.86,82.59,6.64,109.02,cotton,0.42
123.0,21.86,23.65,25.57,89.99,6.64,79.93,cotton,0.5
114.72,15.01,20.66,30.0,82.8,7.17,62.52,cotton,0.32
107.42,14.68,24.63,28.91,83.63,6.96,74.7,cotton,0.55
123.87,15.65,22.59,29.33,86.03,6.18,105.05,cotton,0.39
111.34,18.38,20.64,28.95,88.29,6.31,114.31,cotton,0.38
108.99,20.22,20.33,34.76,85.2,7.14,78.42,cotton,0.52
110.24,21.47,18.23,29.74,82.16,7.69,110.98,cotton,0.36
117.12,18.52,21.81,33.31,89.76,7.53,98.21,cotton,0.35
105.82,19.54,21.15,26.24,80.14,6.37,74.46,cotton,0.36
116.87,16.77,24.19,29.16,83.79,6.55,59.48,cotton,0.49
119.93,16.38,26.0,34.66,80.49,7.34,119.68,cotton,0.4
114.19,21.12,21.08,30.62,88.92,7.07,101.45,cotton,0.51
108.67,20.42,24.08,30.06,83.56,6.56,80.57,cotton,0.52
121.98,14.02,22.76,30.6,84.09,6.23,74.41,cotton,0.41
122.33,23.59,23.67,30.64,83.14,7.01,94.64,cotton,0.57
116.27,20.84,18.85,27.87,80.8,7.67,75.45,cotton,0.55
102.6,18.03,19.77,29.11,80.0,8.0,98.49,cotton,0.52
125.26,18.26,19.03,34.63,84.45,7.05,56.99,cotton,0.3
115.33,14.76,20.79,33.46,81.19,6.92,75.38,cotton,0.58
106.54,16.42,18.14,24.9,89.92,6.48,117.78,cotton,0.45
111.87,14.99,19.0,28.19,89.21,6.07,87.85,cotton,0.45
119.04,18.63,23.11,26.2,82.66,7.22,62.75,cotton,0.51
103.22,14.86,24.41,32.87,84.53,6.31,104.14,cotton,0.39
124.51,16.22,22.03,34.88,83.29,7.63,79.33,cotton,0.51
127.97,18.12,18.06,27.84,81.7,6.39,93.03,cotton,0.49
100.34,14.85,22.13,31.3,83.01,7.04,103.67,cotton,0.51
100.84,23.4,21.62,28.47,81.33,6.3,82.43,cotton,0.34
110.18,15.15,21.34,28.11,89.07,7.84,110.72,cotton,0.32
124.53,17.9,18.91,26.24,86.4,6.55,87.94,cotton,0.4
127.23,14.73,19.97,32.63,80.12,7.09,113.5,cotton,0.42
101.76,19.53,24.79,24.0,85.33,6.05,113.52,cotton,0.44
119.25,14.6,22.57,25.65,81.06,7.98,105.93,cotton,0.56
106.78,21.18,25.18,32.82,80.01,6.75,62.97,cotton,0.54
128.36,16.54,19.15,27.02,86.48,7.77,56.18,cotton,0.35
102.34,22.56,21.55,32.85,82.72,6.0,67.17,cotton,0.48
110.9,17.3,20.06,32.31,89.25,7.38,91.14,cotton,0.46
109.68,16.77,19.69,24.84,87.93,7.08,104.91,cotton,0.33
117.52,19.09,25.95,28.83,85.21,7.55,56.35,cotton,0.52
108.83,15.15,21.26,32.14,86.99,6.28,116.5,cotton,0.31
122.82,21.77,25.52,24.44,89.83,6.35,86.52,cotton,0.35
113.63,18.77,23.84,27.58,80.47,6.61,75.47,cotton,0.59
113.94,18.99,20.0,26.77,82.02,6.58,58.79,cotton,0.46
114.34,22.28,21.02,28.69,88.94,6.12,98.97,cotton,0.52
114.59,22.19,21.06,34.41,83.94,6.32,84.67,cotton,0.31
121.88,21.22,24.33,24.34,81.03,6.46,55.37,cotton,0.36
103.12,20.8,21.23,33.11,88.26,7.1,56.47,cotton,0.4
119.77,16.5,19.48,33.38,82.19,7.84,102.8,cotton,0.43
106.15,16.63,23.05,31.1,82.28,7.84,61.64,cotton,0.47
119.2,19.4,20.37,31.53,86.76,6.14,92.82,cotton,0.36
113.61,18.3,22.99,30.74,89.65,6.46,114.24,cotton,0.4
102.85,18.15,25.13,28.86,85.14,7.31,111.52,cotton,0.38
110.22,21.11,24.74,30.45,80.46,6.79,116.78,cotton,0.48
108.85,17.3,23.46,32.69,81.65,7.46,101.98,cotton,0.47
112.64,15.6,19.5,24.67,80.52,6.68,83.11,cotton,0.47
122.95,14.55,18.4,28.58,83.67,7.35,90.47,cotton,0.35
100.51,21.42,19.46,30.73,87.17,7.09,89.13,cotton,0.43
122.25,19.99,23.42,27.45,84.03,7.25,75.95,cotton,0.35
107.12,17.77,20.12,25.1,89.98,6.94,92.66,cotton,0.53
60.97,50.42,47.6,24.38,82.49,6.24,172.37,jute,3.47
71.8,49.87,40.11,31.91,77.9,6.85,241.17,jute,2.9
72.69,42.85,50.5,33.13,86.53,6.6,215.48,jute,1.64
78.32,47.58,40.79,29.85,87.47,6.46,218.73,jute,3.12
60.69,49.33,38.64,33.94,75.21,6.79,226.28,jute,4.08
67.12,44.14,40.71,31.45,87.25,7.13,169.63,jute,3.3
67.44,45.59,47.48,27.38,88.2,6.36,215.93,jute,2.58
78.05,43.71,40.32,35.98,87.71,7.96,199.42,jute,1.56
76.76,47.94,42.69,35.44,80.04,6.65,220.22,jute,2.11
69.24,49.98,42.21,30.28,84.58,7.42,200.11,jute,3.16
75.53,43.81,47.41,32.16,82.55,7.16,196.38,jute,2.21
79.36,43.6,45.73,27.65,79.04,7.08,159.49,jute,3.7
79.49,44.56,43.22,35.71,88.08,6.94,166.12,jute,1.67
79.21,49.75,44.94,27.7,76.98,7.05,218.08,jute,3.02
71.18,51.53,48.9,35.0,76.72,6.55,216.3,jute,2.85
60.45,47.8,50.24,30.86,85.6,6.64,227.8,jute,2.14
64.59,51.56,38.57,24.72,82.81,6.69,168.73,jute,2.53
62.57,47.04,40.27,26.66,83.92,7.85,223.97,jute,3.31
64.39,46.63,48.94,30.37,84.74,6.37,185.03,jute,4.22
60.5,49.18,39.62,26.49,77.3,6.89,214.39,jute,3.31
78.9,51.8,38.23,35.53,77.24,7.16,185.14,jute,1.79
70.33,44.38,39.95,36.27,81.21,7.74,233.02,jute,3.37
61.9,47.96,46.49,28.58,86.61,7.68,165.04,jute,2.96
78.93,49.7,41.01,27.53,82.53,7.18,196.6,jute,4.3
73.98,45.22,40.1,31.16,75.04,6.4,236.03,jute,1.6
60.23,42.68,45.82,25.37,83.8,7.46,174.95,jute,2.0
75.81,48.84,38.88,34.05,79.63,7.59,242.61,jute,3.64
69.07,47.31,48.95,35.17,78.86,6.23,235.88,jute,1.56
73.07,47.0,39.6,29.68,79.23,7.85,166.18,jute,3.11
65.68,48.88,42.46,24.49,78.58,7.84,150.19,jute,1.67
61.64,47.06,45.52,26.8,79.6,6.62,160.04,jute,4.42
77.27,49.42,42.9,26.43,78.94,6.85,172.49,jute,2.07
75.09,46.38,51.36,29.11,76.79,6.06,235.43,jute,2.01
63.25,44.06,45.71,33.74,85.84,6.28,205.3,jute,4.21
70.46,48.82,40.74,31.02,76.72,7.07,184.11,jute,1.94
76.42,51.22,44.52,25.58,82.49,6.44,185.02,jute,3.88
79.28,42.84,47.33,29.31,75.61,7.73,218.43,jute,2.91
75.07,45.39,48.45,25.84,80.1,7.98,181.81,jute,2.89
62.75,46.23,40.01,31.85,80.09,6.81,215.23,jute,1.5
74.56,46.09,41.82,27.68,82.04,7.2,177.82,jute,2.86
66.56,42.97,51.66,29.24,80.86,7.43,215.39,jute,4.45
62.93,45.21,49.66,33.48,89.09,7.46,208.3,jute,4.4
69.07,45.51,49.56,31.37,83.81,6.52,228.38,jute,2.01
70.43,48.44,41.74,25.08,78.54,7.79,225.52,jute,3.82
76.55,43.11,49.84,24.69,75.83,6.76,242.19,jute,1.66
71.35,44.84,47.92,32.65,83.86,7.59,185.01,jute,3.74
69.16,50.86,47.0,25.87,89.82,7.44,249.57,jute,2.04
70.2,43.19,45.72,30.8,78.14,7.3,205.87,jute,2.79
70.66,48.68,46.56,32.96,79.13,6.11,211.44,jute,2.2
67.01,50.26,48.67,29.24,86.78,6.56,200.58,jute,3.44
60.84,43.78,44.79,27.74,84.68,7.04,209.15,jute,3.24
72.34,44.26,38.55,35.05,78.85,6.95,181.57,jute,3.82
79.66,47.97,50.93,35.13,85.1,7.04,205.78,jute,2.03
67.45,43.45,43.26,34.97,78.14,7.21,242.22,jute,3.14
74.83,47.23,50.46,31.02,77.12,6.99,193.26,jute,1.64
68.77,50.66,51.25,31.82,87.25,7.46,242.21,jute,1.94
75.05,47.56,45.61,35.52,88.51,7.51,245.7,jute,2.03
78.45,42.26,48.64,29.73,76.14,6.24,202.05,jute,3.36
76.02,42.99,42.91,28.0,83.79,6.95,198.07,jute,2.74
62.6,49.15,43.82,36.35,84.57,6.63,159.17,jute,4.33
60.1,42.48,44.32,24.59,81.71,6.22,154.47,jute,2.44
62.73,42.18,49.11,26.21,86.96,7.21,222.61,jute,4.46
70.39,42.02,44.02,24.3,79.01,6.62,191.25,jute,3.77
75.99,48.46,41.85,31.25,88.58,6.33,235.28,jute,4.11
64.85,50.27,40.02,25.26,75.68,6.7,160.44,jute,3.82
65.13,42.06,47.36,35.42,75.31,6.37,209.61,jute,4.13
64.42,43.51,44.62,33.2,80.95,6.78,232.46,jute,2.0
74.66,43.62,44.81,24.24,80.02,7.45,196.09,jute,3.81
66.38,45.33,40.07,27.91,79.79,6.15,221.3,jute,3.22
70.61,45.67,41.74,33.92,82.86,6.44,176.35,jute,3.08
63.85,48.9,39.2,34.6,80.06,7.5,207.65,jute,4.48
77.41,42.91,47.57,24.86,89.69,7.61,208.91,jute,3.78
74.42,51.57,44.91,29.01,81.3,7.76,221.99,jute,3.75
77.23,51.93,38.85,31.4,86.89,6.85,210.72,jute,2.55
62.12,50.52,44.33,25.5,85.54,6.91,234.4,jute,2.73
79.63,43.22,42.85,25.64,84.49,7.99,165.89,jute,3.44
69.99,45.43,47.13,31.59,79.36,6.88,247.18,jute,3.81
75.93,49.98,42.57,28.96,76.49,7.65,172.37,jute,2.5
79.96,46.14,39.88,26.49,85.45,7.52,169.91,jute,2.92
68.68,47.67,50.15,33.39,84.85,7.06,206.26,jute,2.22
74.74,47.54,42.78,24.13,76.11,7.32,226.25,jute,2.11
65.87,51.69,47.35,25.06,77.17,7.52,168.03,jute,4.11
70.9,46.17,41.86,29.01,88.53,7.37,238.55,jute,3.65
62.94,44.76,47.36,35.5,88.57,7.55,209.91,jute,1.64
68.52,48.27,48.84,24.97,85.77,7.93,243.88,jute,3.07
66.51,47.97,38.43,27.41,85.9,7.54,224.11,jute,1.5
61.86,46.84,50.11,35.98,88.18,6.17,171.42,jute,2.82
68.6,45.32,40.85,24.13,82.66,7.43,232.63,jute,3.45
69.9,49.97,41.81,32.29,84.99,6.53,151.81,jute,2.33
73.88,50.52,38.1,26.05,85.53,7.36,207.48,jute,1.77
68.59,47.01,43.59,32.8,86.44,7.4,204.82,jute,4.12
78.57,49.04,43.9,30.16,83.32,7.94,189.85,jute,2.11
66.69,48.28,40.53,34.94,82.53,7.49,177.45,jute,3.12
79.21,44.81,51.32,36.97,88.22,6.86,150.54,jute,3.94
72.57,43.7,38.7,36.05,86.0,7.3,205.74,jute,2.42
67.05,45.71,51.3,26.79,83.58,6.13,247.76,jute,3.87
68.6,49.57,42.31,33.68,77.16,6.97,220.5,jute,4.45
73.31,45.9,43.15,36.85,81.01,6.36,187.23,jute,1.94
75.71,46.57,51.97,34.86,76.79,7.55,223.78,jute,4.16
64.49,46.58,48.72,34.79,75.88,6.42,202.0,jute,3.28
95.59,32.24,29.73,21.44,69.55,6.41,212.59,coffee,0.58
99.43,32.04,32.47,18.37,60.36,6.24,153.32,coffee,1.79
102.05,38.56,31.14,22.53,67.9,6.47,141.75,coffee,1.42
105.05,41.16,34.2,27.26,69.66,6.01,196.73,coffee,1.33
95.04,33.1,32.43,16.62,61.19,6.12,183.69,coffee,1.04
98.55,29.09,31.37,16.29,66.25,6.05,175.87,coffee,1.65
105.62,36.4,35.7,17.14,65.16,6.4,162.27,coffee,0.81
107.91,29.8,37.16,26.05,65.16,6.03,120.47,coffee,0.52
99.27,28.56,33.81,18.64,61.0,6.07,173.62,coffee,1.32
108.18,31.34,28.55,17.7,65.06,6.06,106.81,coffee,1.32
98.39,41.96,32.81,17.77,63.21,6.22,135.92,coffee,1.96
101.91,35.11,41.06,19.84,60.08,6.38,144.98,coffee,0.98
98.97,41.89,36.08,20.36,68.09,6.46,157.62,coffee,1.72
104.45,41.97,31.61,27.3,69.52,6.01,186.85,coffee,0.79
109.37,38.16,30.83,23.21,61.95,6.42,152.13,coffee,1.25
109.93,31.6,34.95,17.33,60.09,6.14,201.94,coffee,1.41
102.22,40.43,32.91,23.42,67.8,6.49,140.8,coffee,1.59
104.26,28.47,38.34,16.94,60.08,6.4,123.57,coffee,0.52
106.37,34.28,34.11,16.29,69.88,6.48,200.34,coffee,1.07
105.08,39.2,28.87,19.13,63.69,6.46,170.66,coffee,0.76
95.44,41.97,35.42,26.86,63.66,6.26,141.67,coffee,1.25
103.3,36.7,38.83,17.9,68.43,6.19,215.85,coffee,1.08
109.49,41.19,33.27,22.8,64.83,6.45,110.94,coffee,1.59
109.45,29.13,32.38,15.36,64.44,6.08,161.65,coffee,0.82
104.79,38.98,32.43,15.98,64.92,6.22,196.06,coffee,0.88
95.54,33.24,32.68,20.06,65.7,6.36,162.79,coffee,1.8
104.27,34.52,38.88,18.41,66.5,6.09,194.21,coffee,1.51
97.4,30.67,39.82,19.71,60.95,6.34,215.67,coffee,1.18
99.94,35.27,33.32,25.87,69.58,6.04,197.05,coffee,1.0
103.36,33.0,39.46,19.86,64.26,6.23,210.62,coffee,1.76
107.44,30.87,41.57,21.66,60.23,6.36,165.26,coffee,1.07
98.94,40.68,29.59,19.6,60.99,6.27,202.77,coffee,1.35
95.74,33.49,33.12,20.21,67.7,6.47,151.88,coffee,0.87
103.24,41.96,31.04,23.79,61.87,6.1,186.33,coffee,0.63
102.94,28.33,32.01,15.53,67.55,6.47,179.66,coffee,0.56
104.95,30.09,35.49,20.46,61.52,6.33,167.5,coffee,0.79
100.65,36.43,33.99,17.92,61.11,6.04,100.02,coffee,1.63
103.84,33.24,40.26,18.63,62.88,6.34,205.53,coffee,1.85
105.25,40.75,32.93,17.84,61.55,6.11,171.44,coffee,1.53
109.68,36.59,31.9,15.37,62.49,6.48,216.34,coffee,1.51
96.75,40.16,41.3,20.49,60.07,6.28,190.71,coffee,1.83
107.23,35.21,34.87,20.66,67.39,6.37,181.24,coffee,1.61
107.4,41.29,38.95,25.91,60.51,6.27,172.39,coffee,1.13
100.62,30.9,30.3,21.97,69.99,6.28,112.81,coffee,1.24
100.04,40.7,33.96,22.9,65.53,6.28,184.91,coffee,1.26
95.63,35.97,32.03,24.87,66.63,6.05,160.02,coffee,1.0
103.67,29.57,33.24,16.94,64.72,6.3,188.18,coffee,1.21
101.73,28.51,32.27,20.61,61.78,6.25,180.83,coffee,0.63
108.58,30.94,30.72,26.18,67.86,6.24,160.26,coffee,1.92
104.45,30.05,38.86,18.75,62.42,6.02,175.37,coffee,1.57
106.38,28.26,32.96,19.36,66.0,6.46,156.36,coffee,1.3
109.84,36.17,35.62,16.79,65.25,6.41,112.49,coffee,1.49
106.82,41.3,41.47,20.08,68.84,6.48,121.16,coffee,1.44
95.18,33.87,38.78,23.31,67.99,6.29,106.65,coffee,0.88
105.44,35.63,32.09,20.34,66.16,6.1,148.47,coffee,0.79
106.88,38.15,33.14,15.16,69.35,6.18,198.16,coffee,1.24
104.13,34.17,33.2,22.62,64.54,6.04,199.9,coffee,0.8
105.31,37.62,36.74,22.01,67.46,6.01,155.62,coffee,1.12
101.99,29.21,37.14,23.99,64.2,6.28,124.11,coffee,0.59
96.44,40.64,33.24,25.45,63.41,6.3,104.09,coffee,1.13
105.15,36.62,30.54,15.84,61.16,6.33,106.08,coffee,0.69
101.19,36.93,40.07,18.05,62.68,6.07,202.83,coffee,1.08
101.37,28.62,35.64,26.61,61.31,6.5,174.42,coffee,1.96
108.32,31.47,34.7,27.64,63.18,6.23,199.78,coffee,1.23
104.04,31.39,34.99,27.97,65.94,6.5,112.94,coffee,0.79
97.95,33.58,29.42,16.39,63.93,6.35,210.87,coffee,1.34
98.24,32.06,30.03,24.88,68.63,6.25,113.23,coffee,0.87
102.91,37.06,33.68,25.8,63.04,6.02,157.92,coffee,0.71
96.46,36.39,32.45,22.08,62.5,6.26,141.56,coffee,0.76
98.39,28.02,30.68,26.02,64.03,6.41,203.86,coffee,0.72
104.49,33.97,31.72,27.87,62.5,6.47,106.98,coffee,0.96
98.39,34.76,33.33,25.49,63.29,6.16,143.23,coffee,1.15
96.51,41.06,28.29,22.45,62.18,6.37,100.88,coffee,1.8
95.54,34.14,37.23,19.7,69.36,6.19,179.82,coffee,1.74
98.15,31.94,35.48,20.46,68.16,6.34,167.5,coffee,1.47
100.95,30.15,40.11,27.25,62.11,6.5,116.19,coffee,0.79
99.13,36.77,30.3,24.44,66.91,6.1,133.59,coffee,0.51
100.14,34.61,40.59,24.98,60.1,6.17,175.21,coffee,0.95
103.85,31.01,38.78,20.29,62.12,6.33,171.49,coffee,1.71
105.04,37.87,32.18,17.0,62.08,6.09,106.03,coffee,0.55
109.14,37.13,38.96,27.4,68.07,6.24,108.32,coffee,1.66
102.52,33.01,31.68,18.06,63.63,6.14,177.33,coffee,1.37
102.82,33.89,32.39,27.83,69.84,6.25,197.73,coffee,1.62
106.06,28.64,33.42,19.68,68.6,6.05,173.16,coffee,0.73
106.42,29.45,38.69,25.29,68.76,6.05,208.89,coffee,0.73
99.83,39.57,41.7,21.03,65.97,6.49,165.98,coffee,0.78
109.13,28.69,41.7,23.79,67.88,6.2,115.34,coffee,1.04
103.66,39.45,40.16,22.1,63.19,6.0,155.44,coffee,1.02
97.56,30.03,38.89,24.7,65.07,6.03,148.43,coffee,1.24
100.22,30.7,29.8,20.94,66.54,6.2,124.75,coffee,1.49
109.34,38.78,35.53,15.24,66.01,6.04,145.97,coffee,1.43
98.2,37.51,28.73,16.5,62.84,6.33,127.68,coffee,1.41
109.17,41.74,37.97,25.84,68.72,6.25,166.85,coffee,1.59
103.74,32.11,29.93,18.38,62.57,6.24,168.64,coffee,1.47
109.77,33.66,40.49,15.74,62.17,6.42,101.34,coffee,1.58
101.74,35.76,31.07,23.39,68.5,6.29,174.29,coffee,1.46
97.31,39.58,28.25,21.37,67.36,6.01,219.28,coffee,1.08
104.45,41.29,40.2,24.44,64.81,6.11,156.88,coffee,1.81
105.24,29.81,31.0,23.55,61.66,6.01,169.45,coffee,0.91
99.71,28.6,37.34,18.46,68.24,6.48,210.98,coffee,1.23
